State,County,WhitePerc
NE,Loup County,99.3
NE,Garfield County,99
IL,Calhoun County,98.8
NE,Blaine County,98.8
TX,Starr County,98.8
NE,Wheeler County,98.8
WV,Tyler County,98.7
KY,Jackson County,98.7
TN,Pickett County,98.7
MT,Garfield County,98.7
TX,Zapata County,98.7
OH,Holmes County,98.7
VA,Dickenson County,98.7
WV,Lincoln County,98.7
KY,Estill County,98.6
NE,Chase County,98.6
KY,Lewis County,98.6
KY,Magoffin County,98.6
NE,Cedar County,98.6
KY,Wolfe County,98.5
NE,Thomas County,98.5
NE,Grant County,98.5
IA,Lucas County,98.5
NE,Sherman County,98.5
MO,Schuyler County,98.5
MO,Scotland County,98.5
WV,Boone County,98.5
KY,Leslie County,98.5
NE,Hayes County,98.5
NE,Antelope County,98.5
MI,Keweenaw County,98.5
MO,Osage County,98.5
KY,Letcher County,98.5
NE,Valley County,98.5
MT,Petroleum County,98.4
WV,Ritchie County,98.4
IL,Shelby County,98.4
NE,Frontier County,98.4
KY,Owsley County,98.4
ND,LaMoure County,98.4
SD,Hanson County,98.4
VA,Craig County,98.4
IA,Delaware County,98.4
IL,Jasper County,98.4
NE,Pierce County,98.4
ND,Griggs County,98.4
NE,Harlan County,98.4
PA,Elk County,98.3
WV,Clay County,98.3
IA,Keokuk County,98.3
NE,Boone County,98.3
IA,Davis County,98.3
KY,Lawrence County,98.3
NE,Keya Paha County,98.3
NE,Perkins County,98.3
IA,Grundy County,98.3
IA,Chickasaw County,98.3
SD,Hand County,98.3
IN,Warren County,98.3
SD,Faulk County,98.3
IA,Lyon County,98.3
IA,Mitchell County,98.3
MN,Lincoln County,98.3
KY,Rockcastle County,98.3
KY,Robertson County,98.3
IL,Edgar County,98.2
NE,McPherson County,98.2
IA,Taylor County,98.2
MN,Fillmore County,98.2
TN,Scott County,98.2
WV,Calhoun County,98.2
IN,Adams County,98.2
VA,Highland County,98.2
IN,Martin County,98.2
NE,Nance County,98.2
IN,LaGrange County,98.2
WV,Tucker County,98.2
IA,Adair County,98.2
IA,Sac County,98.2
IA,Audubon County,98.2
IL,Moultrie County,98.2
KY,Nicholas County,98.2
SD,McPherson County,98.2
NE,Brown County,98.1
ND,Emmons County,98.1
MT,Liberty County,98.1
NE,Greeley County,98.1
NE,Rock County,98.1
IA,Butler County,98.1
IA,Van Buren County,98.1
IN,Vermillion County,98.1
IN,Jay County,98.1
IA,Ringgold County,98.1
IN,Pike County,98.1
WI,Pepin County,98.1
IL,Clark County,98.1
NE,Polk County,98.1
NE,Hamilton County,98.1
KY,Marshall County,98.1
IL,Scott County,98.1
MO,Putnam County,98.1
WI,Taylor County,98.1
OH,Putnam County,98.1
IN,Washington County,98.1
NE,Nuckolls County,98.1
NE,Franklin County,98.1
KY,Knott County,98.1
IN,Franklin County,98.1
IN,Ohio County,98.1
IL,Mercer County,98.1
WV,Wetzel County,98.1
TN,Fentress County,98
NE,Holt County,98
IA,Guthrie County,98
WV,Wirt County,98
PA,Jefferson County,98
WV,Webster County,98
NE,Butler County,98
SD,Jerauld County,98
KY,Johnson County,98
IN,Tipton County,98
KS,Gove County,98
KY,Powell County,98
MN,Big Stone County,98
SD,Edmunds County,98
IL,Monroe County,98
MN,Kittson County,98
IL,Effingham County,98
IL,Hancock County,98
WV,Wayne County,98
WV,Roane County,98
MN,Brown County,98
MT,Carter County,98
TN,Unicoi County,98
SD,Hamlin County,97.9
KY,Pendleton County,97.9
PA,Potter County,97.9
ND,Steele County,97.9
WV,Jackson County,97.9
IA,Dickinson County,97.9
WI,Buffalo County,97.9
WI,Lafayette County,97.9
IA,Iowa County,97.9
KS,Sheridan County,97.9
IL,White County,97.9
KY,Carter County,97.9
IA,Benton County,97.9
PA,Bedford County,97.9
KY,Breathitt County,97.9
IN,Greene County,97.9
IN,Dubois County,97.9
KY,Floyd County,97.9
ND,Logan County,97.9
PA,Warren County,97.9
MO,Clark County,97.9
OH,Monroe County,97.9
MO,Atchison County,97.9
IA,Harrison County,97.9
VA,Scott County,97.9
IL,Hamilton County,97.9
PA,Susquehanna County,97.9
IA,Clayton County,97.9
WI,Vernon County,97.9
PA,Armstrong County,97.9
WV,Wyoming County,97.9
NE,Hitchcock County,97.9
MT,Judith Basin County,97.9
SD,McCook County,97.9
WV,Grant County,97.8
KS,Rawlins County,97.8
IL,Henderson County,97.8
IA,Buchanan County,97.8
IN,Clinton County,97.8
IA,Ida County,97.8
VA,Carroll County,97.8
IA,Adams County,97.8
KY,Pike County,97.8
VA,Russell County,97.8
NE,Howard County,97.8
IL,Greene County,97.8
IA,Howard County,97.8
PA,Cameron County,97.8
KS,Mitchell County,97.8
MI,Huron County,97.8
MN,Meeker County,97.8
NE,Thayer County,97.8
IA,Humboldt County,97.7
TN,Grainger County,97.7
IN,Scott County,97.7
WV,Nicholas County,97.7
MO,Shelby County,97.7
NE,Kearney County,97.7
IL,Edwards County,97.7
TN,Hancock County,97.7
MN,Douglas County,97.7
IN,Carroll County,97.7
OH,Auglaize County,97.7
IN,Clay County,97.7
OH,Darke County,97.7
IN,Crawford County,97.7
IA,Shelby County,97.7
KY,McLean County,97.7
WV,Braxton County,97.7
IN,Fountain County,97.7
TN,Van Buren County,97.7
KY,Bracken County,97.7
IA,Kossuth County,97.7
IN,Switzerland County,97.7
MT,Wibaux County,97.7
MI,Gladwin County,97.7
TN,Union County,97.7
IL,Washington County,97.7
KS,Jewell County,97.7
IL,Jo Daviess County,97.7
ND,Wells County,97.7
IA,Montgomery County,97.7
ND,McIntosh County,97.7
MO,Gentry County,97.7
TN,Campbell County,97.7
MI,Alcona County,97.7
IA,Cass County,97.6
TN,Jackson County,97.6
TX,Webb County,97.6
SD,Sanborn County,97.6
MO,Worth County,97.6
IL,Mason County,97.6
NE,Custer County,97.6
IN,Ripley County,97.6
WV,Marshall County,97.6
NE,Phelps County,97.6
KY,Casey County,97.6
IL,Cumberland County,97.6
OH,Perry County,97.6
IL,Putnam County,97.6
MO,Gasconade County,97.6
WI,Iowa County,97.6
NE,Furnas County,97.6
OH,Carroll County,97.6
IA,Fremont County,97.6
IA,Wayne County,97.6
IN,Spencer County,97.6
IN,Wells County,97.6
NE,Saunders County,97.6
OH,Mercer County,97.6
IN,Starke County,97.6
UT,Morgan County,97.6
IL,Piatt County,97.6
UT,Rich County,97.6
NE,Logan County,97.6
IA,Madison County,97.6
MO,Bollinger County,97.6
OH,Wyandot County,97.6
IL,Clay County,97.6
IL,Wayne County,97.6
IN,Benton County,97.6
WV,Lewis County,97.5
IA,Carroll County,97.5
IN,Harrison County,97.5
MN,Pope County,97.5
MD,Garrett County,97.5
IA,Hancock County,97.5
PA,Mifflin County,97.5
KY,Owen County,97.5
IA,Osceola County,97.5
IL,Marshall County,97.5
OH,Vinton County,97.5
MN,Lac qui Parle County,97.5
MO,Daviess County,97.5
PA,Juniata County,97.5
KS,Gray County,97.5
IN,Jennings County,97.5
MN,Faribault County,97.5
KS,Republic County,97.5
IN,Morgan County,97.5
SD,Deuel County,97.5
IL,Stark County,97.5
KY,Butler County,97.5
MN,Wabasha County,97.5
IN,Owen County,97.5
NE,Cuming County,97.5
IN,DeKalb County,97.5
WI,Clark County,97.5
MN,Marshall County,97.5
MO,Holt County,97.5
WI,Kewaunee County,97.5
KS,Trego County,97.4
SD,Clark County,97.4
WV,Upshur County,97.4
IN,Randolph County,97.4
OH,Adams County,97.4
ND,Foster County,97.4
MO,Knox County,97.4
KS,Cheyenne County,97.4
WV,Mason County,97.4
IN,Whitley County,97.4
MI,Montmorency County,97.4
KY,Ohio County,97.4
KY,Russell County,97.4
ID,Bear Lake County,97.4
IA,Greene County,97.4
WI,Richland County,97.4
WI,Waupaca County,97.4
IL,Franklin County,97.4
ID,Oneida County,97.4
TN,Grundy County,97.4
IN,Rush County,97.4
NE,Washington County,97.4
IA,Appanoose County,97.4
IN,Newton County,97.4
AR,Clay County,97.4
KS,Washington County,97.4
PA,Bradford County,97.4
WV,Preston County,97.4
IA,Cedar County,97.4
PA,Fulton County,97.4
MI,Sanilac County,97.4
OH,Hocking County,97.4
KY,Crittenden County,97.4
MN,Grant County,97.4
WI,Green County,97.4
IN,Dearborn County,97.4
MN,Morrison County,97.4
SD,Miner County,97.4
TN,Overton County,97.4
OH,Henry County,97.4
MO,Crawford County,97.4
OH,Meigs County,97.4
NE,Pawnee County,97.4
MN,Martin County,97.3
MN,Dodge County,97.3
IA,Monroe County,97.3
WV,Monroe County,97.3
NE,Fillmore County,97.3
MN,Houston County,97.3
IN,Union County,97.3
ND,Kidder County,97.3
IN,Brown County,97.3
OH,Morrow County,97.3
NE,Seward County,97.3
IL,Jersey County,97.3
OH,Brown County,97.3
NH,Carroll County,97.3
WI,Trempealeau County,97.3
KS,Lincoln County,97.3
IL,Gallatin County,97.3
WI,Green Lake County,97.3
KS,Comanche County,97.3
OH,Preble County,97.3
MO,Harrison County,97.3
IL,Woodford County,97.3
IA,Clay County,97.3
IN,Posey County,97.3
IA,Worth County,97.3
IN,Jasper County,97.3
IN,Lawrence County,97.3
MO,Mercer County,97.3
WI,Rusk County,97.3
KS,Osborne County,97.3
NE,Jefferson County,97.3
CO,Yuma County,97.3
IN,Noble County,97.3
KY,Livingston County,97.3
OH,Fulton County,97.3
IN,Blackford County,97.3
KS,Rooks County,97.3
MO,Maries County,97.2
MI,Alpena County,97.2
IA,Wright County,97.2
ND,McHenry County,97.2
TN,Sequatchie County,97.2
NY,Yates County,97.2
NY,Lewis County,97.2
VT,Essex County,97.2
MO,Perry County,97.2
WV,Pocahontas County,97.2
NE,Boyd County,97.2
PA,Tioga County,97.2
TX,Cameron County,97.2
IL,Richland County,97.2
PA,Perry County,97.2
NE,Dixon County,97.2
TN,Cumberland County,97.2
ID,Franklin County,97.2
MO,Linn County,97.2
IL,Douglas County,97.2
KS,Greeley County,97.2
TX,Jim Hogg County,97.2
IL,De Witt County,97.2
PA,Wyoming County,97.2
KY,Grayson County,97.2
IL,Ford County,97.2
WI,Iron County,97.2
IA,Warren County,97.2
NC,Ashe County,97.2
IA,Plymouth County,97.2
KY,Clinton County,97.2
MN,McLeod County,97.2
IN,Steuben County,97.2
IN,Huntington County,97.2
MN,Lake County,97.2
IN,Pulaski County,97.2
IL,Macoupin County,97.2
MI,Oscoda County,97.2
CO,Mineral County,97.1
KY,Hancock County,97.1
SD,Campbell County,97.1
AR,Lawrence County,97.1
IA,O'Brien County,97.1
NE,Stanton County,97.1
WI,Door County,97.1
KS,Smith County,97.1
IA,Union County,97.1
SD,Kingsbury County,97.1
OH,Ashland County,97.1
MI,Hillsdale County,97.1
WV,Taylor County,97.1
MI,Barry County,97.1
ND,Cavalier County,97.1
NE,Garden County,97.1
ME,Lincoln County,97.1
MT,Fallon County,97.1
SD,Turner County,97.1
OH,Crawford County,97.1
WI,Marquette County,97.1
ID,Custer County,97.1
OH,Ottawa County,97.1
KY,Greenup County,97.1
ID,Caribou County,97.1
MN,Le Sueur County,97.1
KS,Rush County,97.1
KY,Allen County,97.1
KY,Laurel County,97.1
IA,Palo Alto County,97
WV,Hampshire County,97
WV,Pleasants County,97
VA,Washington County,97
WI,Marinette County,97
MO,Madison County,97
KS,Decatur County,97
PA,Venango County,97
IN,Decatur County,97
UT,Piute County,97
MO,Stoddard County,97
IA,Cherokee County,97
IA,Winneshiek County,97
ID,Teton County,97
OH,Van Wert County,97
KS,Phillips County,97
MO,Benton County,97
TN,Polk County,97
OH,Jackson County,97
TX,Hidalgo County,97
ME,Franklin County,97
KS,Hodgeman County,97
IL,Menard County,97
IN,White County,97
MN,Sibley County,97
VT,Rutland County,97
MO,Ozark County,97
MT,McCone County,97
AR,Cleburne County,97
UT,Emery County,97
IA,Bremer County,97
PA,Snyder County,97
ME,Knox County,97
KY,Knox County,97
NE,Gosper County,97
NE,Hooker County,97
NE,Cass County,97
MO,Andrew County,97
ND,Ransom County,97
MI,Presque Isle County,97
KY,Fleming County,97
KS,Clay County,97
PA,Clarion County,97
IA,Monona County,97
CO,Washington County,97
KY,Whitley County,97
OH,Geauga County,96.9
MO,Franklin County,96.9
TX,Duval County,96.9
GA,Towns County,96.9
IN,Marshall County,96.9
IA,Mills County,96.9
NH,Coos County,96.9
WV,Randolph County,96.9
OH,Tuscarawas County,96.9
MT,Meagher County,96.9
MN,Swift County,96.9
IA,Pocahontas County,96.9
IA,Washington County,96.9
IN,Daviess County,96.9
KS,Scott County,96.9
TX,Maverick County,96.9
ME,Waldo County,96.9
TX,Mason County,96.9
IA,Jackson County,96.9
KS,Marshall County,96.9
MI,Antrim County,96.9
IN,Orange County,96.9
WV,Morgan County,96.9
AR,Greene County,96.9
KS,Nemaha County,96.9
MI,Dickinson County,96.9
NE,Deuel County,96.9
IN,Fayette County,96.9
GA,Fannin County,96.9
KS,Wichita County,96.9
WI,Florence County,96.9
OH,Coshocton County,96.9
MO,Caldwell County,96.8
OH,Williams County,96.8
MN,Todd County,96.8
MO,Wayne County,96.8
ME,Somerset County,96.8
SD,Perkins County,96.8
MI,Shiawassee County,96.8
KS,Ottawa County,96.8
SD,Hutchinson County,96.8
MO,Camden County,96.8
NY,Tioga County,96.8
TX,Kimble County,96.8
CO,Ouray County,96.8
KS,Wallace County,96.8
ME,Oxford County,96.8
NC,Clay County,96.8
ND,Renville County,96.8
TX,La Salle County,96.8
IA,Boone County,96.8
AR,Fulton County,96.8
NE,Gage County,96.8
OH,Knox County,96.8
AR,Baxter County,96.8
MO,Stone County,96.8
MO,Ralls County,96.8
MI,Ogemaw County,96.8
MT,Sweet Grass County,96.8
MO,Grundy County,96.8
KY,Grant County,96.8
WI,Polk County,96.8
TX,Sutton County,96.8
VT,Orange County,96.8
WI,Grant County,96.8
MT,Madison County,96.8
KY,Bath County,96.8
NY,Hamilton County,96.8
MO,Wright County,96.8
IN,Wabash County,96.8
AR,Randolph County,96.8
WI,Oconto County,96.8
IL,Wabash County,96.7
VA,Giles County,96.7
VT,Orleans County,96.7
NY,Schuyler County,96.7
GA,Union County,96.7
KY,Pulaski County,96.7
IL,Ogle County,96.7
MN,Murray County,96.7
WV,Logan County,96.7
TN,Claiborne County,96.7
WV,Barbour County,96.7
TX,Gillespie County,96.7
KS,Kingman County,96.7
IL,Hardin County,96.7
NE,Arthur County,96.7
NC,Mitchell County,96.7
MI,Livingston County,96.7
MO,Cedar County,96.7
MO,Douglas County,96.7
TN,Macon County,96.7
NE,Otoe County,96.7
KY,Bullitt County,96.7
ME,Piscataquis County,96.7
NE,Keith County,96.7
KY,Metcalfe County,96.7
IL,Pike County,96.7
NY,Chenango County,96.7
IA,Franklin County,96.7
MO,Dallas County,96.7
MI,Roscommon County,96.7
OH,Paulding County,96.7
IL,Iroquois County,96.7
NH,Sullivan County,96.7
KY,Edmonson County,96.7
WI,Price County,96.7
WV,Brooke County,96.7
MN,Rock County,96.7
MO,Hickory County,96.7
MT,Carbon County,96.7
ND,Golden Valley County,96.7
MI,Crawford County,96.7
IN,Montgomery County,96.6
NE,Dundy County,96.6
TX,Roberts County,96.6
IA,Fayette County,96.6
MI,Arenac County,96.6
MI,Tuscola County,96.6
TX,Zavala County,96.6
ND,Divide County,96.6
MN,Kanabec County,96.6
SD,Grant County,96.6
AR,Stone County,96.6
OH,Hardin County,96.6
NE,Sioux County,96.6
IA,Sioux County,96.6
NY,Herkimer County,96.6
MI,Iron County,96.6
CO,Kiowa County,96.6
NC,Yancey County,96.6
WI,Pierce County,96.6
TN,Carter County,96.6
NE,Merrick County,96.6
MI,Clare County,96.6
WV,Putnam County,96.6
KS,Ness County,96.6
MN,Wilkin County,96.6
IL,Bureau County,96.6
MI,Missaukee County,96.6
ND,Sargent County,96.6
WY,Lincoln County,96.6
IL,Carroll County,96.6
MO,Miller County,96.6
MI,Osceola County,96.5
IL,Christian County,96.5
TX,Mills County,96.5
IN,Fulton County,96.5
TX,Throckmorton County,96.5
MI,Ontonagon County,96.5
TN,Clay County,96.5
WI,Jefferson County,96.5
WV,Mingo County,96.5
AR,Marion County,96.5
UT,Sevier County,96.5
WI,Lincoln County,96.5
NC,Haywood County,96.5
TX,Loving County,96.5
KS,Morris County,96.5
TN,Hawkins County,96.5
MT,Granite County,96.5
ID,Valley County,96.5
WI,Oneida County,96.5
NE,Webster County,96.5
NE,Banner County,96.5
PA,Clinton County,96.5
ND,Burke County,96.5
TX,Jim Wells County,96.5
WV,Doddridge County,96.4
MN,Crow Wing County,96.4
TX,Brooks County,96.4
NE,Nemaha County,96.4
IA,Allamakee County,96.4
MI,Kalkaska County,96.4
UT,Juab County,96.4
TX,Glasscock County,96.4
KY,Monroe County,96.4
GA,Dawson County,96.4
MO,Jefferson County,96.4
IA,Calhoun County,96.4
WI,Saint Croix County,96.4
MO,Ripley County,96.4
IA,Clarke County,96.4
OH,Huron County,96.4
MO,Bates County,96.4
VT,Bennington County,96.4
MI,Lapeer County,96.4
WV,Wood County,96.4
NH,Belknap County,96.4
KS,Osage County,96.4
TX,Comanche County,96.4
ID,Adams County,96.4
IN,Shelby County,96.4
KY,Perry County,96.4
NE,Red Willow County,96.4
VT,Lamoille County,96.4
OH,Highland County,96.4
CO,Routt County,96.4
MO,Saint Clair County,96.3
MO,Howell County,96.3
PA,Butler County,96.3
MO,Carter County,96.3
KS,Anderson County,96.3
IA,Marion County,96.3
KY,Wayne County,96.3
VT,Caledonia County,96.3
NY,Oswego County,96.3
ND,Dickey County,96.3
WY,Platte County,96.3
GA,Gilmer County,96.3
ME,Hancock County,96.3
KS,Barber County,96.3
MT,Stillwater County,96.3
CO,Cheyenne County,96.3
AR,Boone County,96.3
WI,Crawford County,96.3
IL,Union County,96.3
MO,Webster County,96.3
KS,Linn County,96.3
AL,Winston County,96.3
IA,Hardin County,96.3
WI,Langlade County,96.3
AR,Van Buren County,96.3
TX,Hemphill County,96.3
KS,Coffey County,96.3
WY,Crook County,96.3
NE,Clay County,96.3
UT,Wayne County,96.2
SD,Spink County,96.2
IA,Jones County,96.2
TX,Hood County,96.2
KY,Trimble County,96.2
SD,Potter County,96.2
MN,Wadena County,96.2
VT,Windsor County,96.2
VA,Buchanan County,96.2
KY,Garrard County,96.2
NY,Warren County,96.2
OH,Pike County,96.2
MI,Wexford County,96.2
MN,Renville County,96.2
WI,Washburn County,96.2
MO,Ste. Genevieve County,96.2
MI,Otsego County,96.2
MT,Broadwater County,96.2
KY,Spencer County,96.2
ME,Sagadahoc County,96.2
AL,Cullman County,96.2
IL,Tazewell County,96.2
ME,Kennebec County,96.2
OH,Washington County,96.2
MO,Chariton County,96.2
AZ,Santa Cruz County,96.2
MN,Otter Tail County,96.2
TX,Dimmit County,96.2
ID,Fremont County,96.2
VA,Grayson County,96.1
NY,Schoharie County,96.1
IN,Kosciusko County,96.1
KY,Carlisle County,96.1
MN,Jackson County,96.1
MO,Christian County,96.1
ME,York County,96.1
TN,Johnson County,96.1
VA,Floyd County,96.1
MO,Morgan County,96.1
WI,Barron County,96.1
KS,Wabaunsee County,96.1
ND,Traill County,96.1
ID,Butte County,96.1
PA,Carbon County,96.1
MT,Park County,96.1
ND,Slope County,96.1
KS,Cloud County,96.1
ND,Adams County,96.1
CO,Phillips County,96.1
NE,Platte County,96.1
SD,Douglas County,96.1
KS,Chase County,96.1
MO,Montgomery County,96.1
WI,Washington County,96.1
ND,Grant County,96.1
MO,Lawrence County,96.1
TX,Hansford County,96.1
IL,Grundy County,96
MT,Teton County,96
PA,Somerset County,96
KS,Jefferson County,96
TN,Cannon County,96
IA,Winnebago County,96
UT,Daggett County,96
MO,Sullivan County,96
TX,Bandera County,96
TX,Montague County,96
KS,Marion County,96
WI,Columbia County,96
ID,Jefferson County,96
MI,Iosco County,96
KS,Thomas County,96
PA,Crawford County,96
VA,Page County,96
KY,Rowan County,96
AL,Blount County,96
TX,Uvalde County,96
SD,Aurora County,96
WI,Walworth County,96
IA,Jasper County,96
MI,Benzie County,96
TX,Llano County,96
VT,Washington County,96
MN,Isanti County,96
PA,Blair County,95.9
NC,Madison County,95.9
MO,Vernon County,95.9
MI,Newaygo County,95.9
KY,Green County,95.9
VA,Smyth County,95.9
CO,Jackson County,95.9
KY,Lee County,95.9
WY,Big Horn County,95.9
WY,Goshen County,95.9
MT,Fergus County,95.9
MO,Ray County,95.9
TX,Shackelford County,95.9
NH,Cheshire County,95.9
CO,Hinsdale County,95.9
IL,Henry County,95.9
ID,Bonner County,95.9
NM,Harding County,95.9
CO,Custer County,95.9
MT,Powder River County,95.9
NE,Morrill County,95.9
OH,Medina County,95.9
TN,DeKalb County,95.9
AR,Sharp County,95.9
IN,Jackson County,95.9
IA,Mahaska County,95.9
SD,Lake County,95.9
TN,Meigs County,95.9
OK,Harper County,95.9
IN,Parke County,95.9
ND,Sheridan County,95.9
TX,Menard County,95.9
OK,Cimarron County,95.8
MO,Reynolds County,95.8
MO,Dent County,95.8
ND,Bowman County,95.8
GA,Pickens County,95.8
TN,Lawrence County,95.8
OH,Harrison County,95.8
WV,Harrison County,95.8
MO,Laclede County,95.8
KY,Harlan County,95.8
UT,Kane County,95.8
GA,Murray County,95.8
NY,Allegany County,95.8
KY,Lincoln County,95.8
OH,Guernsey County,95.8
MO,Dade County,95.8
KY,Breckinridge County,95.8
KS,Woodson County,95.8
MO,Shannon County,95.8
ID,Lemhi County,95.8
OR,Wallowa County,95.8
TN,Sevier County,95.8
UT,Wasatch County,95.8
WI,Sauk County,95.8
MN,Freeborn County,95.8
KS,Kiowa County,95.8
ND,Nelson County,95.8
KY,Gallatin County,95.8
KS,Miami County,95.7
TN,Greene County,95.7
MT,Ravalli County,95.7
OH,Wayne County,95.7
TX,Kendall County,95.7
NE,York County,95.7
TX,Borden County,95.7
CO,Pitkin County,95.7
NE,Burt County,95.7
MS,Tishomingo County,95.7
TX,Armstrong County,95.7
TN,Loudon County,95.7
OH,Clermont County,95.7
MT,Lincoln County,95.7
WV,Pendleton County,95.7
TN,Cheatham County,95.7
MO,Iron County,95.7
MI,Mason County,95.7
MO,Polk County,95.7
NE,Lincoln County,95.7
OH,Lawrence County,95.7
IA,Cerro Gordo County,95.7
TN,Smith County,95.7
KS,Harper County,95.7
MO,Henry County,95.7
OH,Noble County,95.7
KY,Harrison County,95.7
TX,Archer County,95.7
KS,Meade County,95.7
NM,Hidalgo County,95.7
MI,Charlevoix County,95.6
KY,Anderson County,95.6
KS,Dickinson County,95.6
ID,Madison County,95.6
WY,Park County,95.6
WY,Converse County,95.6
KS,Stevens County,95.6
KY,Menifee County,95.6
TX,Blanco County,95.6
NC,Macon County,95.6
ND,Pembina County,95.6
MT,Musselshell County,95.6
NY,Fulton County,95.6
NE,Cheyenne County,95.6
TX,Atascosa County,95.6
OH,Columbiana County,95.6
SD,Union County,95.6
MN,Chisago County,95.6
IL,Whiteside County,95.6
CO,Grand County,95.6
IN,Jefferson County,95.6
ND,Walsh County,95.6
ID,Lincoln County,95.6
GA,Dade County,95.6
MI,Oceana County,95.6
WY,Hot Springs County,95.5
IN,Perry County,95.5
TX,Carson County,95.5
NH,Rockingham County,95.5
PA,Adams County,95.5
PA,McKean County,95.5
KY,Cumberland County,95.5
TX,Clay County,95.5
MO,Carroll County,95.5
TX,Edwards County,95.5
AR,Searcy County,95.5
VT,Franklin County,95.5
AR,Newton County,95.5
TN,White County,95.5
WV,Hancock County,95.5
WI,Waushara County,95.5
TX,Hamilton County,95.5
PA,Columbia County,95.5
ID,Blaine County,95.5
MN,Wright County,95.5
KS,Ellis County,95.5
NE,Dodge County,95.5
VT,Windham County,95.5
OH,Defiance County,95.5
PA,Northumberland County,95.5
MO,Oregon County,95.4
TX,Schleicher County,95.4
CO,Elbert County,95.4
IL,Schuyler County,95.4
WI,Wood County,95.4
ND,Mercer County,95.4
MO,Clinton County,95.4
TX,Ochiltree County,95.4
TX,Kent County,95.4
KS,Kearny County,95.4
MN,Lake of the Woods County,95.4
KS,Russell County,95.4
WA,Garfield County,95.4
KS,Hamilton County,95.4
IA,Hamilton County,95.4
CO,Summit County,95.4
ME,Aroostook County,95.4
IN,Gibson County,95.4
NE,Buffalo County,95.4
NY,Delaware County,95.4
CO,Sedgwick County,95.4
SD,Lincoln County,95.4
MO,Washington County,95.4
NC,Alleghany County,95.4
KY,Elliott County,95.4
WY,Johnson County,95.4
IN,Henry County,95.4
UT,Summit County,95.4
MT,Wheatland County,95.4
KY,Carroll County,95.4
TN,Lewis County,95.4
TX,Sherman County,95.4
WY,Uinta County,95.4
KS,Stafford County,95.4
AR,Izard County,95.4
KS,McPherson County,95.4
TX,King County,95.4
TN,Moore County,95.4
TX,Wilson County,95.4
NE,Wayne County,95.3
KS,Haskell County,95.3
TX,Coke County,95.3
TN,Cocke County,95.3
TX,Callahan County,95.3
RI,Bristol County,95.3
KS,Sherman County,95.3
MO,Lincoln County,95.3
CO,Prowers County,95.3
PA,Clearfield County,95.3
CO,Clear Creek County,95.3
ID,Boise County,95.3
KS,Greenwood County,95.3
MT,Daniels County,95.3
ID,Cassia County,95.3
KS,Barton County,95.3
TN,Jefferson County,95.3
TX,Wise County,95.3
CO,San Miguel County,95.3
TX,Willacy County,95.3
IA,Decatur County,95.3
MI,Branch County,95.2
IN,Hancock County,95.2
UT,Box Elder County,95.2
KY,Montgomery County,95.2
WI,Chippewa County,95.2
AR,Madison County,95.2
TX,Val Verde County,95.2
WY,Sheridan County,95.2
MN,Red Lake County,95.2
GA,Rabun County,95.2
MI,Allegan County,95.2
IA,Pottawattamie County,95.2
KY,Bell County,95.2
AR,Franklin County,95.2
OR,Crook County,95.2
IL,Montgomery County,95.2
CO,Moffat County,95.2
MN,Chippewa County,95.2
WI,Fond du Lac County,95.2
MT,Flathead County,95.2
CO,Delta County,95.2
IL,LaSalle County,95.2
PA,Sullivan County,95.1
ME,Penobscot County,95.1
NE,Adams County,95.1
VA,Wythe County,95.1
OH,Logan County,95.1
KY,Adair County,95.1
ND,Stutsman County,95.1
AR,Montgomery County,95.1
NC,Watauga County,95.1
OR,Gilliam County,95.1
VA,Bland County,95.1
SD,Harding County,95.1
MN,Goodhue County,95.1
MT,Gallatin County,95.1
ND,Oliver County,95.1
PA,Westmoreland County,95.1
WI,Calumet County,95.1
TX,Motley County,95.1
IA,Louisa County,95.1
MO,Barry County,95.1
CO,Eagle County,95.1
MT,Beaverhead County,95.1
VA,Rockingham County,95.1
TX,Parker County,95.1
SD,Sully County,95.1
TN,Sullivan County,95.1
NY,Steuben County,95.1
MT,Sheridan County,95
TX,Irion County,95
WY,Weston County,95
TX,Young County,95
ND,Billings County,95
OR,Baker County,95
UT,Millard County,95
IA,Floyd County,95
NY,Madison County,95
TX,Yoakum County,95
TX,Bosque County,95
ID,Gem County,95
KS,Lane County,95
MT,Custer County,95
WY,Niobrara County,95
KS,Edwards County,95
UT,Carbon County,95
WY,Campbell County,95
MI,Montcalm County,95
TX,McMullen County,95
VT,Addison County,95
NH,Merrimack County,95
TN,Rhea County,95
OR,Sherman County,94.9
MI,Bay County,94.9
WI,Dodge County,94.9
TN,Benton County,94.9
CO,San Juan County,94.9
KS,Grant County,94.9
GA,White County,94.9
TX,Gaines County,94.9
ID,Washington County,94.9
OH,Clinton County,94.9
ID,Bonneville County,94.9
WV,Mineral County,94.9
ID,Shoshone County,94.9
NE,Kimball County,94.9
MT,Treasure County,94.9
MT,Dawson County,94.9
MO,Macon County,94.9
WY,Teton County,94.9
MI,Grand Traverse County,94.9
MN,Aitkin County,94.9
TX,Concho County,94.9
CA,Sierra County,94.8
TN,Humphreys County,94.8
OH,Champaign County,94.8
OH,Gallia County,94.8
WY,Sublette County,94.8
MI,Monroe County,94.8
NY,Cortland County,94.8
WI,Monroe County,94.8
ID,Jerome County,94.8
MN,Hubbard County,94.8
KS,Logan County,94.8
MN,Watonwan County,94.8
MT,Jefferson County,94.8
SD,Codington County,94.8
VA,Shenandoah County,94.8
WY,Washakie County,94.8
IA,Poweshiek County,94.8
AR,Perry County,94.8
OH,Fayette County,94.8
KS,Stanton County,94.8
AR,Grant County,94.8
WI,Ozaukee County,94.8
VT,Grand Isle County,94.8
OR,Grant County,94.8
ID,Gooding County,94.8
KS,Pratt County,94.8
TN,Decatur County,94.8
PA,Schuylkill County,94.8
TN,Monroe County,94.8
MT,Prairie County,94.8
PA,Indiana County,94.7
MO,Barton County,94.7
WI,Dunn County,94.7
PA,Greene County,94.7
TX,Martin County,94.7
IN,Warrick County,94.7
CO,Teller County,94.7
MI,Menominee County,94.7
TX,Stephens County,94.7
OR,Deschutes County,94.7
TX,Deaf Smith County,94.7
GA,Lumpkin County,94.7
MO,Monroe County,94.7
TX,Real County,94.7
KY,Boyd County,94.7
MN,Steele County,94.7
ID,Kootenai County,94.7
MN,Koochiching County,94.6
KS,Wilson County,94.6
OH,Shelby County,94.6
IA,Muscatine County,94.6
ND,Barnes County,94.6
KY,Larue County,94.6
MI,Delta County,94.6
WI,Portage County,94.6
WI,Manitowoc County,94.6
OH,Seneca County,94.6
VA,Tazewell County,94.6
NY,Washington County,94.6
MA,Franklin County,94.6
KY,Henry County,94.6
OH,Scioto County,94.6
MO,Warren County,94.6
CO,Park County,94.6
KS,Sumner County,94.6
TX,Eastland County,94.6
TX,Erath County,94.6
TN,Perry County,94.6
MT,Richland County,94.6
MO,Livingston County,94.6
WV,Greenbrier County,94.6
KS,Franklin County,94.6
KS,Neosho County,94.5
MN,Pipestone County,94.5
TN,Roane County,94.5
AR,Polk County,94.5
ID,Twin Falls County,94.5
OK,Ellis County,94.5
MT,Golden Valley County,94.5
ID,Minidoka County,94.5
WA,San Juan County,94.5
CO,Gunnison County,94.5
PA,Wayne County,94.5
NY,Otsego County,94.5
VA,Rockbridge County,94.5
AR,Carroll County,94.5
TX,Briscoe County,94.5
WV,Hardy County,94.5
ND,Hettinger County,94.5
IN,Knox County,94.5
UT,Garfield County,94.5
TX,Jeff Davis County,94.5
AL,Cleburne County,94.5
ID,Boundary County,94.5
AR,Independence County,94.5
MN,Winona County,94.4
CT,Litchfield County,94.4
IA,Wapello County,94.4
ID,Clearwater County,94.4
ND,Towner County,94.4
TX,San Saba County,94.4
TX,McCulloch County,94.4
WA,Asotin County,94.4
GA,Brantley County,94.4
MN,Waseca County,94.4
TX,Burnet County,94.4
KY,Clay County,94.4
TX,Kinney County,94.4
CO,Chaffee County,94.4
MO,Taney County,94.4
MN,Sherburne County,94.4
TX,Hudspeth County,94.4
OH,Hancock County,94.4
WA,Columbia County,94.4
CO,Baca County,94.4
MT,Silver Bow County,94.4
MN,Kandiyohi County,94.4
MO,Lafayette County,94.4
IN,Boone County,94.4
TN,Stewart County,94.4
SD,Butte County,94.4
TX,Parmer County,94.4
ID,Payette County,94.4
PA,Montour County,94.4
VA,Poquoson,94.4
CO,Montrose County,94.3
NC,Yadkin County,94.3
MI,Saint Clair County,94.3
MO,Nodaway County,94.3
WY,Sweetwater County,94.3
IL,Clinton County,94.3
TX,Crockett County,94.3
ND,Bottineau County,94.3
VA,Botetourt County,94.3
MN,Nicollet County,94.3
TX,Sterling County,94.3
PA,Cambria County,94.3
KY,Ballard County,94.3
OH,Miami County,94.3
UT,Tooele County,94.3
NY,Essex County,94.3
WA,Lincoln County,94.3
OK,Beaver County,94.3
TX,Presidio County,94.3
UT,Sanpete County,94.3
WI,Juneau County,94.3
CO,Mesa County,94.2
IA,Page County,94.2
TX,San Patricio County,94.2
NJ,Sussex County,94.2
IL,Fulton County,94.2
MI,Midland County,94.2
UT,Beaver County,94.2
VA,Lee County,94.2
MI,Clinton County,94.2
CO,Garfield County,94.2
TN,Morgan County,94.2
KY,Morgan County,94.2
KS,Elk County,94.2
MN,Yellow Medicine County,94.2
TX,Castro County,94.2
CO,Rio Blanco County,94.2
TX,Somervell County,94.2
MO,Lewis County,94.2
MN,Benton County,94.2
TX,Baylor County,94.2
TX,Palo Pinto County,94.2
TN,Blount County,94.1
MN,Norman County,94.1
OH,Pickaway County,94.1
TX,Comal County,94.1
OR,Hood River County,94.1
WY,Carbon County,94.1
MT,Lewis and Clark County,94.1
MI,Lenawee County,94.1
CO,Kit Carson County,94.1
WV,Marion County,94.1
SD,Davison County,94.1
KS,Norton County,94.1
KS,Rice County,94.1
ID,Camas County,94.1
OR,Tillamook County,94
ND,Richland County,94
TX,Kerr County,94
KS,Pottawatomie County,94
KS,Harvey County,94
TN,Houston County,94
PA,Washington County,94
IA,Lee County,94
LA,Cameron Parish,94
NY,Ontario County,94
WI,Adams County,94
MN,Pennington County,94
TN,Putnam County,94
NC,Dare County,94
ID,Idaho County,94
IA,Clinton County,94
TX,Andrews County,93.9
ND,Pierce County,93.9
KY,Campbell County,93.9
AR,Yell County,93.9
CO,Lake County,93.9
NY,Chautauqua County,93.9
NY,Saratoga County,93.9
SD,Lawrence County,93.9
NC,Stokes County,93.9
ND,Stark County,93.9
TX,Medina County,93.9
NE,Madison County,93.9
NY,Montgomery County,93.9
AL,Marion County,93.9
MO,Moniteau County,93.8
WY,Natrona County,93.8
IL,McHenry County,93.8
TN,Hardin County,93.8
NY,Saint Lawrence County,93.8
IA,Crawford County,93.8
OH,Belmont County,93.8
GA,Banks County,93.8
WA,Chelan County,93.8
NC,Cherokee County,93.8
IA,Emmet County,93.8
TX,Runnels County,93.8
NE,Richardson County,93.8
OR,Morrow County,93.8
OH,Sandusky County,93.8
TX,Van Zandt County,93.8
NM,Mora County,93.7
WA,Douglas County,93.7
NY,Wayne County,93.7
IL,Warren County,93.7
ID,Canyon County,93.7
MT,Mineral County,93.7
VA,Augusta County,93.7
IN,Cass County,93.7
RI,Washington County,93.7
AR,Logan County,93.7
KS,Allen County,93.7
MN,Roseau County,93.7
NM,De Baca County,93.7
IN,Johnson County,93.7
MN,Polk County,93.7
TX,Bailey County,93.7
TN,Warren County,93.7
MI,Marquette County,93.7
NE,Scotts Bluff County,93.7
NY,Livingston County,93.7
MO,Adair County,93.7
IA,Dubuque County,93.7
MI,Houghton County,93.7
GA,Catoosa County,93.7
UT,Washington County,93.7
MI,Saint Joseph County,93.7
AL,Marshall County,93.7
TX,Winkler County,93.7
MN,Cottonwood County,93.6
TX,Brewster County,93.6
CA,Nevada County,93.6
WA,Wahkiakum County,93.6
MI,Leelanau County,93.6
KS,Butler County,93.6
NM,Colfax County,93.6
TX,Coleman County,93.6
AZ,Yavapai County,93.6
WI,Waukesha County,93.6
NC,Avery County,93.6
PA,Lebanon County,93.6
TX,Rains County,93.6
IL,Fayette County,93.6
IL,Adams County,93.6
VA,Bath County,93.5
MO,Saint Francois County,93.5
MA,Barnstable County,93.5
UT,Utah County,93.5
ID,Clark County,93.5
PA,Lawrence County,93.5
IN,Sullivan County,93.5
OR,Josephine County,93.5
KS,Clark County,93.5
NM,Luna County,93.5
TX,Kenedy County,93.5
OH,Wood County,93.5
MN,Carver County,93.5
IL,Cass County,93.5
NC,Surry County,93.4
OH,Ashtabula County,93.4
MN,Stevens County,93.4
CO,Rio Grande County,93.4
AR,Johnson County,93.4
TN,Marion County,93.4
NH,Strafford County,93.4
OR,Linn County,93.4
KY,Muhlenberg County,93.4
TX,Lynn County,93.4
NE,Saline County,93.4
UT,Iron County,93.4
NM,Grant County,93.4
WV,Fayette County,93.4
RI,Kent County,93.4
KY,Hart County,93.3
NC,Wilkes County,93.3
ID,Latah County,93.3
SD,Custer County,93.3
OK,Grant County,93.3
IN,Putnam County,93.3
AR,Pike County,93.3
FL,Citrus County,93.3
KY,Mercer County,93.3
OR,Union County,93.3
IL,Marion County,93.3
TX,Crane County,93.3
NM,Sierra County,93.3
WV,Ohio County,93.2
UT,Cache County,93.2
CO,Larimer County,93.2
MI,Cheboygan County,93.2
NC,Transylvania County,93.2
OR,Wheeler County,93.2
TX,Wheeler County,93.2
KY,Barren County,93.2
TX,Lipscomb County,93.2
CO,Dolores County,93.2
MI,Mecosta County,93.2
TX,Floyd County,93.2
OR,Columbia County,93.1
KY,Jessamine County,93.1
TX,Brown County,93.1
TX,Dallam County,93.1
CO,Weld County,93.1
SD,Haakon County,93.1
KY,Webster County,93.1
NH,Grafton County,93.1
PA,Fayette County,93.1
IL,Crawford County,93.1
OR,Douglas County,93.1
OH,Morgan County,93.1
NM,Eddy County,93.1
NY,Genesee County,93.1
CO,Gilpin County,93.1
IL,Boone County,93.1
OR,Clatsop County,93.1
TX,Jack County,93.1
OH,Lake County,93
GA,Walker County,93
VA,Wise County,93
IL,Coles County,93
NM,Catron County,93
NM,Lincoln County,93
WI,Winnebago County,93
AL,Cherokee County,93
ND,Eddy County,93
WA,Skamania County,93
WI,Douglas County,93
NC,Henderson County,93
MN,Clay County,93
SD,Brookings County,93
MT,Deer Lodge County,93
MN,Itasca County,93
MO,Texas County,93
UT,Weber County,92.9
NC,Polk County,92.9
OK,Major County,92.9
ID,Power County,92.9
NJ,Ocean County,92.9
KS,Morton County,92.9
MO,Pettis County,92.9
OH,Licking County,92.9
IL,Saline County,92.9
PA,Franklin County,92.9
WA,Klickitat County,92.9
KS,Reno County,92.9
VA,Alleghany County,92.9
MA,Berkshire County,92.9
WA,Lewis County,92.9
ME,Androscoggin County,92.8
TX,Aransas County,92.8
TX,Crosby County,92.8
MD,Carroll County,92.8
CO,Morgan County,92.8
TX,Fisher County,92.8
MI,Ottawa County,92.8
WI,Eau Claire County,92.8
IN,Porter County,92.8
KY,Clark County,92.8
TN,Dickson County,92.8
CT,Windham County,92.8
NC,McDowell County,92.8
SD,Yankton County,92.8
OR,Curry County,92.7
IA,Webster County,92.7
IL,Williamson County,92.7
IA,Dallas County,92.7
NY,Cayuga County,92.7
TN,McMinn County,92.7
ME,Cumberland County,92.7
CO,Archuleta County,92.7
UT,Davis County,92.7
TN,Coffee County,92.7
MI,Emmet County,92.7
CO,Saguache County,92.7
TX,Johnson County,92.7
OR,Jackson County,92.6
PA,Huntingdon County,92.6
WV,Summers County,92.6
ND,Morton County,92.6
MN,Saint Louis County,92.6
TN,Hickman County,92.6
TX,Cooke County,92.6
WA,Grant County,92.6
PA,Lackawanna County,92.6
OH,Muskingum County,92.6
NE,Box Butte County,92.5
CO,Conejos County,92.5
TX,Randall County,92.5
MI,Ionia County,92.5
PA,Lycoming County,92.5
KY,Lyon County,92.5
KY,Graves County,92.5
OR,Lake County,92.5
MN,Traverse County,92.4
KY,Caldwell County,92.4
IA,Henry County,92.4
AL,DeKalb County,92.4
OH,Union County,92.4
TX,Donley County,92.4
TX,Upton County,92.4
VA,Rappahannock County,92.4
KS,Bourbon County,92.4
VA,Patrick County,92.4
TX,Stonewall County,92.4
AR,Pope County,92.4
NY,Cattaraugus County,92.4
VA,Pulaski County,92.4
ID,Ada County,92.4
NE,Hall County,92.4
IA,Marshall County,92.4
MO,Cass County,92.4
NM,Guadalupe County,92.3
KY,Nelson County,92.3
GA,Haralson County,92.3
NY,Putnam County,92.3
TX,Oldham County,92.3
TX,Hockley County,92.3
KY,Woodford County,92.3
MT,Powell County,92.3
ND,Burleigh County,92.3
KS,Doniphan County,92.3
TX,Goliad County,92.3
TX,Live Oak County,92.3
TN,Bledsoe County,92.2
WA,Walla Walla County,92.2
NM,Union County,92.2
AR,White County,92.2
SD,Jones County,92.2
TX,Foard County,92.2
MN,Blue Earth County,92.2
CO,Jefferson County,92.2
TX,Pecos County,92.2
IL,Livingston County,92.2
NY,Clinton County,92.2
OR,Malheur County,92.2
TN,Wayne County,92.1
IL,Lee County,92.1
KS,Ellsworth County,92.1
TN,Anderson County,92.1
NM,Do√±a Ana County,92.1
NM,Chaves County,92.1
MN,Mower County,92.1
NC,Caldwell County,92.1
TN,Washington County,92.1
MT,Missoula County,92.1
TX,Reagan County,92.1
TX,El Paso County,92.1
KS,Crawford County,92
GA,Gordon County,92
NV,Eureka County,92
NY,Seneca County,92
NM,San Miguel County,92
MN,Lyon County,92
KY,Taylor County,92
MI,Manistee County,92
AZ,Mohave County,92
OR,Harney County,92
MN,Pine County,92
TX,Frio County,92
KY,Boone County,92
NM,Quay County,92
NY,Wyoming County,92
IN,Miami County,92
OR,Yamhill County,92
NJ,Hunterdon County,92
NV,Douglas County,92
TX,Hutchinson County,92
TX,Franklin County,91.9
MI,Gratiot County,91.9
WA,Kittitas County,91.9
TX,Hardin County,91.9
NV,Lincoln County,91.9
WI,Outagamie County,91.9
KY,Daviess County,91.9
TX,Wood County,91.9
PA,Luzerne County,91.9
MS,Itawamba County,91.9
KY,Madison County,91.9
MO,Callaway County,91.9
OH,Jefferson County,91.9
TX,Terry County,91.9
TN,McNairy County,91.9
AL,Franklin County,91.9
CA,Calaveras County,91.9
MN,Stearns County,91.9
WA,Cowlitz County,91.9
WI,La Crosse County,91.8
TX,Haskell County,91.8
NV,Storey County,91.8
TX,Terrell County,91.8
MT,Sanders County,91.8
KY,Meade County,91.8
WI,Burnett County,91.8
KY,Oldham County,91.8
NC,Lincoln County,91.7
TN,Hamblen County,91.7
TN,Bradley County,91.7
ME,Washington County,91.7
ID,Owyhee County,91.7
TN,Franklin County,91.7
KY,McCreary County,91.7
KY,Calloway County,91.7
UT,Grand County,91.7
FL,Gilchrist County,91.7
VT,Chittenden County,91.7
MI,Van Buren County,91.6
ID,Bannock County,91.6
CA,Colusa County,91.6
TX,Reeves County,91.6
KY,Washington County,91.6
FL,Sarasota County,91.6
TX,Nolan County,91.6
KY,Martin County,91.6
UT,Duchesne County,91.6
WY,Albany County,91.6
CA,Mono County,91.6
MO,Howard County,91.6
CO,Logan County,91.6
KS,Ford County,91.6
NJ,Cape May County,91.6
OH,Portage County,91.6
PA,Mercer County,91.6
WI,Marathon County,91.5
AL,Jackson County,91.5
AZ,Greenlee County,91.5
MO,Marion County,91.5
KY,Kenton County,91.5
OK,Washita County,91.5
KS,Pawnee County,91.5
CO,Fremont County,91.5
AR,Crawford County,91.5
NE,Dawson County,91.4
VA,Frederick County,91.4
CO,Las Animas County,91.4
LA,Livingston Parish,91.4
TX,Scurry County,91.4
NM,Lea County,91.4
NH,Hillsborough County,91.4
CO,Otero County,91.4
SD,Meade County,91.4
AZ,Yuma County,91.3
WV,Cabell County,91.3
AL,Walker County,91.3
IL,Massac County,91.3
MN,Rice County,91.3
WY,Laramie County,91.3
WA,Jefferson County,91.3
MT,Yellowstone County,91.3
MO,Greene County,91.3
CO,Douglas County,91.3
WA,Pend Oreille County,91.3
WV,Mercer County,91.2
OK,Woodward County,91.2
IL,Pope County,91.2
VA,Warren County,91.2
OK,Kingfisher County,91.2
NM,Roosevelt County,91.2
NC,Alexander County,91.2
OH,Athens County,91.2
NE,Colfax County,91.2
MO,Jasper County,91.2
TX,Nueces County,91.2
KY,Bourbon County,91.2
SD,Brown County,91.2
PA,Beaver County,91.1
TX,Ector County,91.1
MN,Mille Lacs County,91.1
AR,Scott County,91.1
OR,Wasco County,91.1
WI,Sheboygan County,91.1
IN,Floyd County,91.1
IN,Wayne County,91
VA,Bristol,91
IL,Morgan County,91
MT,Toole County,91
TX,Lamb County,91
OH,Marion County,91
MO,Newton County,91
WA,Benton County,91
TX,Culberson County,91
NM,Santa Fe County,91
NE,Cherry County,90.9
SD,Clay County,90.9
OR,Polk County,90.9
NJ,Warren County,90.9
OR,Coos County,90.9
MO,Phelps County,90.9
KY,Scott County,90.9
TX,Hays County,90.9
WA,Franklin County,90.9
OR,Umatilla County,90.9
MO,Randolph County,90.9
CA,Plumas County,90.9
WI,Rock County,90.9
KS,Atchison County,90.8
GA,Whitfield County,90.8
CO,Boulder County,90.8
IL,Bond County,90.8
CO,Pueblo County,90.8
CA,Tuolumne County,90.8
WV,Monongalia County,90.8
OH,Ross County,90.8
VA,Clarke County,90.8
MA,Dukes County,90.8
TX,Ward County,90.8
TX,Cochran County,90.8
TX,Tom Green County,90.8
WA,Skagit County,90.8
TX,Kleberg County,90.8
KY,Logan County,90.7
PA,Lancaster County,90.7
CA,Tehama County,90.7
KS,Lyon County,90.7
GA,Habersham County,90.7
CA,Amador County,90.7
VA,Buena Vista,90.7
MO,Butler County,90.7
MO,Saint Charles County,90.7
KY,Mason County,90.7
TX,Lavaca County,90.7
RI,Newport County,90.7
MI,Gogebic County,90.7
NY,Columbia County,90.6
KS,Graham County,90.6
CO,Lincoln County,90.6
ND,McLean County,90.6
IA,Linn County,90.6
WA,Adams County,90.6
TX,Gray County,90.6
FL,Hernando County,90.5
KS,Cherokee County,90.5
ND,Cass County,90.5
TX,Hale County,90.5
FL,Charlotte County,90.5
NV,Lander County,90.4
NM,Torrance County,90.4
TX,Knox County,90.4
KY,Hopkins County,90.4
NC,Davie County,90.4
OH,Madison County,90.4
MA,Bristol County,90.4
MO,Pike County,90.4
IA,Des Moines County,90.4
FL,Martin County,90.4
TX,Fayette County,90.4
AR,Lonoke County,90.4
FL,Nassau County,90.4
NC,Currituck County,90.4
NY,Greene County,90.4
CT,Tolland County,90.3
TX,Dawson County,90.3
AR,Saline County,90.3
IL,McDonough County,90.3
PA,Pike County,90.3
TN,Marshall County,90.3
TX,Garza County,90.2
MO,Audrain County,90.2
TX,Lampasas County,90.2
OR,Clackamas County,90.2
IN,Bartholomew County,90.2
PA,Cumberland County,90.2
TX,Henderson County,90.1
NV,Lyon County,90.1
OR,Lincoln County,90.1
OR,Lane County,90.1
OH,Warren County,90.1
NE,Johnson County,90.1
CA,Mariposa County,90.1
TX,Calhoun County,90.1
NV,Nye County,90.1
TX,Hartley County,90.1
ID,Nez Perce County,90.1
TX,Hill County,90.1
NV,Humboldt County,90
ND,Williams County,90
KS,Saline County,90
TN,Williamson County,90
ID,Lewis County,90
AR,Benton County,90
CA,Glenn County,90
VA,Bedford County,90
NY,Orleans County,90
TX,Refugio County,90
AK,Skagway Municipality,89.9
NV,Esmeralda County,89.9
TX,Hardeman County,89.9
IL,Johnson County,89.9
OK,Roger Mills County,89.9
WA,Pacific County,89.9
TX,Sabine County,89.8
MS,George County,89.8
AR,Poinsett County,89.8
MD,Queen Anne's County,89.8
CA,El Dorado County,89.8
NC,Randolph County,89.8
WA,Spokane County,89.8
FL,Monroe County,89.8
PA,York County,89.7
NC,Graham County,89.7
CA,Imperial County,89.7
OK,Woods County,89.7
NC,Carteret County,89.7
SD,Bon Homme County,89.7
IN,Elkhart County,89.7
TX,Jackson County,89.7
VA,Galax,89.7
FL,Collier County,89.7
FL,Sumter County,89.6
TX,Montgomery County,89.6
NC,Buncombe County,89.6
NM,Valencia County,89.6
TN,Lincoln County,89.6
MI,Cass County,89.6
OR,Marion County,89.6
MO,Cooper County,89.6
KY,Trigg County,89.6
MO,Buchanan County,89.6
KY,Todd County,89.6
NE,Sarpy County,89.5
MN,Carlton County,89.5
SC,Oconee County,89.5
NV,Carson City,89.5
TX,Leon County,89.5
TN,Sumner County,89.5
FL,Saint Johns County,89.5
TN,Robertson County,89.5
MO,Saline County,89.5
MO,Johnson County,89.4
IN,Hendricks County,89.4
ND,Ward County,89.4
KS,Finney County,89.4
TN,Henderson County,89.4
TN,Wilson County,89.4
MN,Redwood County,89.4
FL,Walton County,89.4
CT,Middlesex County,89.4
WA,Stevens County,89.4
PA,Bucks County,89.4
TX,Victoria County,89.4
SC,Pickens County,89.4
KY,Henderson County,89.4
TX,Hall County,89.4
WV,McDowell County,89.4
FL,Pasco County,89.4
ID,Bingham County,89.4
FL,Holmes County,89.4
TN,Henry County,89.3
OH,Fairfield County,89.3
OR,Klamath County,89.3
VA,Norton,89.3
CO,Huerfano County,89.3
IL,Logan County,89.3
MD,Cecil County,89.3
CO,La Plata County,89.2
OK,Texas County,89.2
IN,Delaware County,89.2
NE,Dawes County,89.2
KS,Chautauqua County,89.2
KS,Cowley County,89.2
MO,McDonald County,89.1
KS,Seward County,89.1
IN,Grant County,89.1
NM,Los Alamos County,89
TX,Gonzales County,89
TX,Fannin County,89
TX,Collingsworth County,89
KY,Marion County,89
TX,Hopkins County,89
TX,Karnes County,89
GA,Cherokee County,89
CA,San Luis Obispo County,89
GA,Oconee County,89
OH,Delaware County,89
AR,Sevier County,89
WI,Shawano County,88.9
KY,Boyle County,88.9
TX,Midland County,88.9
MI,Isabella County,88.9
IN,Clark County,88.9
WI,Brown County,88.9
OK,Dewey County,88.9
MA,Hampshire County,88.9
TX,Caldwell County,88.9
MT,Cascade County,88.9
PA,Union County,88.9
CA,Modoc County,88.9
WV,Kanawha County,88.9
IA,Woodbury County,88.9
CO,Broomfield County,88.8
OK,Alfalfa County,88.8
ND,Grand Forks County,88.8
TN,Weakley County,88.8
MD,Allegany County,88.8
OH,Trumbull County,88.8
SD,Gregory County,88.8
GA,Jackson County,88.8
WV,Raleigh County,88.7
KY,Hickman County,88.7
PA,Berks County,88.7
IN,Madison County,88.7
PA,Centre County,88.7
TX,Dickens County,88.7
SD,Beadle County,88.7
GA,Echols County,88.7
IN,Howard County,88.6
OH,Stark County,88.6
KS,Labette County,88.6
SD,Stanley County,88.6
NV,Elko County,88.6
VA,Greene County,88.6
KY,Shelby County,88.6
ID,Elmore County,88.6
TX,Bee County,88.6
IL,Perry County,88.6
WV,Jefferson County,88.6
NY,Chemung County,88.5
PA,Erie County,88.5
CA,Shasta County,88.5
WI,Jackson County,88.5
UT,Salt Lake County,88.5
VA,Salem,88.5
IL,Madison County,88.5
FL,Hardee County,88.5
FL,Dixie County,88.5
TX,Howard County,88.5
TX,Rockwall County,88.4
MA,Nantucket County,88.4
TX,Swisher County,88.4
OK,Beckham County,88.4
WV,Berkeley County,88.4
MO,Cape Girardeau County,88.4
NE,Lancaster County,88.4
CA,San Benito County,88.4
UT,Uintah County,88.4
CA,Tulare County,88.3
SD,Minnehaha County,88.3
PA,Northampton County,88.3
CO,Costilla County,88.3
IL,Knox County,88.3
IA,Tama County,88.3
TX,Grayson County,88.3
WA,Mason County,88.3
NY,Niagara County,88.3
IN,Vigo County,88.2
OR,Benton County,88.2
IA,Story County,88.2
SD,Day County,88.2
MO,Clay County,88.2
SD,Hyde County,88.2
IN,Hamilton County,88.2
NY,Ulster County,88.1
MI,Eaton County,88.1
IL,Lawrence County,88.1
IL,Randolph County,88.1
NM,Taos County,88
WA,Yakima County,88
NE,Knox County,87.9
CA,Trinity County,87.9
GA,Glascock County,87.9
NY,Jefferson County,87.9
IL,Jefferson County,87.9
AL,Saint Clair County,87.9
AZ,Cochise County,87.9
GA,Pierce County,87.8
CO,Alamosa County,87.8
SD,Marshall County,87.8
TX,Orange County,87.8
MI,Jackson County,87.8
MS,Hancock County,87.8
WA,Clallam County,87.8
TX,Upshur County,87.8
TN,Trousdale County,87.8
VA,Gloucester County,87.8
SD,Fall River County,87.7
GA,Madison County,87.7
TN,Chester County,87.7
AR,Garland County,87.7
CA,Lake County,87.7
CA,Santa Cruz County,87.7
WI,Kenosha County,87.7
TX,DeWitt County,87.7
MN,Becker County,87.7
WA,Grays Harbor County,87.7
VA,Mathews County,87.7
IL,Kendall County,87.6
OH,Richland County,87.6
TX,Cottle County,87.6
KS,Johnson County,87.5
NY,Rensselaer County,87.5
TX,Austin County,87.5
MA,Worcester County,87.5
MN,Washington County,87.4
NV,Pershing County,87.4
IL,DeKalb County,87.4
FL,Okeechobee County,87.4
MO,Platte County,87.4
CA,Sonoma County,87.4
GA,Pike County,87.3
AR,Washington County,87.3
VA,Fauquier County,87.3
GA,Franklin County,87.3
WA,Whatcom County,87.3
NY,Broome County,87.3
NC,Rutherford County,87.3
TX,Chambers County,87.3
GA,Hall County,87.3
WA,Clark County,87.3
IN,Monroe County,87.3
OH,Erie County,87.3
FL,Indian River County,87.3
TX,Trinity County,87.3
VA,Madison County,87.2
CA,Siskiyou County,87.2
MI,Lake County,87.2
TN,Bedford County,87.2
MT,Phillips County,87.2
FL,Levy County,87.2
VA,Montgomery County,87.2
TN,Obion County,87.1
AL,Baldwin County,87.1
AL,Lamar County,87.1
FL,Santa Rosa County,87.1
OH,Clark County,87.1
TX,Bastrop County,87.1
MO,Dunklin County,87.1
AL,Geneva County,87.1
MT,Valley County,87.1
AL,Chilton County,87.1
TN,Carroll County,87
TX,Lubbock County,87
TX,Ellis County,87
KY,Simpson County,87
SD,Brule County,87
MN,Scott County,87
TX,Childress County,87
IL,Kane County,87
TX,Hunt County,87
NY,Oneida County,87
CO,Adams County,87
FL,Lee County,87
MN,Cook County,86.9
NC,Davidson County,86.9
OK,Jefferson County,86.9
NV,White Pine County,86.8
MI,Schoolcraft County,86.8
TX,Guadalupe County,86.8
MN,Anoka County,86.8
IL,Stephenson County,86.8
OH,Lorain County,86.8
VA,Hanover County,86.7
TX,Milam County,86.7
AL,Lauderdale County,86.7
AR,Prairie County,86.7
KS,Jackson County,86.7
IA,Scott County,86.7
PA,Chester County,86.7
OK,Stephens County,86.7
ND,Ramsey County,86.7
TX,Taylor County,86.6
ID,Benewah County,86.6
MA,Essex County,86.6
TX,Wilbarger County,86.6
AR,Cleveland County,86.6
CA,Butte County,86.6
GA,Berrien County,86.6
GA,Chattooga County,86.6
OH,Greene County,86.6
MO,DeKalb County,86.6
TX,Delta County,86.5
CO,Bent County,86.5
IN,Vanderburgh County,86.5
TN,Giles County,86.5
OH,Butler County,86.5
IA,Polk County,86.5
WI,Vilas County,86.5
FL,Manatee County,86.4
NC,Burke County,86.4
GA,Heard County,86.4
OK,McClain County,86.4
NE,Dakota County,86.4
TN,Knox County,86.3
CA,Mendocino County,86.3
OK,Grady County,86.3
WA,Island County,86.3
MA,Plymouth County,86.3
MN,Dakota County,86.2
MN,Nobles County,86.2
TX,San Jacinto County,86.2
IA,Black Hawk County,86.2
AL,Fayette County,86.2
MN,Clearwater County,86.2
TX,Tyler County,86.1
NM,Curry County,86.1
WI,Dane County,86.1
WI,Bayfield County,86.1
CA,Marin County,86
VA,Radford,86
CA,Madera County,86
AK,Denali Borough,86
OK,Garfield County,85.9
ND,Dunn County,85.9
CA,Placer County,85.9
CA,Santa Barbara County,85.9
IA,Buena Vista County,85.9
KS,Brown County,85.8
MO,Scott County,85.7
MN,Olmsted County,85.7
MS,Alcorn County,85.7
TX,Liberty County,85.7
KY,McCracken County,85.6
IA,Jefferson County,85.6
AR,Hot Spring County,85.6
OK,Lincoln County,85.6
GA,Bartow County,85.6
FL,Highlands County,85.6
MI,Alger County,85.5
NE,Sheridan County,85.5
TX,Moore County,85.5
IN,LaPorte County,85.5
TX,Lee County,85.5
AZ,Pima County,85.5
IN,Tippecanoe County,85.4
NC,Brunswick County,85.4
IA,Johnson County,85.4
TX,Kaufman County,85.4
NV,Washoe County,85.3
NV,Churchill County,85.2
NY,Sullivan County,85.2
KS,Montgomery County,85.2
NY,Suffolk County,85.2
VA,Powhatan County,85.2
TX,Bexar County,85.2
GA,Forsyth County,85.2
NC,Jackson County,85.2
WA,Whitman County,85.1
GA,Stephens County,85.1
MN,Cass County,85
KS,Leavenworth County,85
LA,La Salle Parish,85
AR,Conway County,85
NM,Bernalillo County,84.9
SD,Hughes County,84.9
CA,Ventura County,84.8
TX,Titus County,84.8
CA,Napa County,84.8
TN,Maury County,84.7
KY,Warren County,84.7
NC,Stanly County,84.7
OK,Greer County,84.7
PA,Lehigh County,84.7
IL,Rock Island County,84.7
NJ,Monmouth County,84.7
NC,Catawba County,84.7
AR,Faulkner County,84.6
VA,Lexington,84.6
FL,Lake County,84.6
OK,Harmon County,84.6
OK,Canadian County,84.5
KY,Franklin County,84.5
MO,Cole County,84.5
FL,Volusia County,84.5
AK,Kenai Peninsula Borough,84.5
VA,Nelson County,84.4
IL,McLean County,84.4
KS,Shawnee County,84.4
MS,Pearl River County,84.4
AZ,Maricopa County,84.4
MD,Washington County,84.4
AL,Covington County,84.3
OK,Noble County,84.3
KS,Douglas County,84.3
OK,Love County,84.3
LA,St. Tammany Parish,84.3
KY,Union County,84.3
MS,Prentiss County,84.2
NJ,Morris County,84.2
WI,Racine County,84.2
WI,Ashland County,84.2
VA,Harrisonburg,84.1
TX,Polk County,84.1
OK,Custer County,84.1
CA,Stanislaus County,84.1
TX,Mitchell County,84.1
KS,Riley County,84
AL,Shelby County,84
CA,Humboldt County,84
TX,Burleson County,84
CO,Crowley County,84
NY,Franklin County,83.9
CT,New London County,83.9
NJ,Gloucester County,83.9
OK,Jackson County,83.9
FL,Baker County,83.9
NM,Otero County,83.9
VA,Staunton,83.8
AK,Matanuska-Susitna Borough,83.8
WV,Gilmer County,83.8
FL,Brevard County,83.8
OH,Allen County,83.7
FL,Flagler County,83.7
VA,Covington,83.7
VA,Waynesboro,83.7
CO,El Paso County,83.7
GA,Polk County,83.6
MA,Hampden County,83.6
TX,Williamson County,83.6
TX,Wharton County,83.6
FL,DeSoto County,83.5
SD,Pennington County,83.5
TX,Matagorda County,83.5
AL,Morgan County,83.5
TX,Colorado County,83.5
FL,Suwannee County,83.5
TN,Crockett County,83.4
WA,Kitsap County,83.3
MI,Kent County,83.3
MD,Talbot County,83.3
IL,Sangamon County,83.2
OK,Kiowa County,83.2
AZ,Pinal County,83.2
NC,Union County,83.2
TX,Jones County,83.2
FL,Pinellas County,83.1
CO,Montezuma County,83.1
NC,Iredell County,83.1
IL,Vermilion County,83.1
MI,Calhoun County,83
TX,Wichita County,83
MI,Macomb County,82.9
FL,Marion County,82.9
AR,Sebastian County,82.9
WA,Thurston County,82.9
TN,Dyer County,82.9
VA,Franklin County,82.8035
MS,Union County,82.8
MD,Frederick County,82.8
NC,Moore County,82.8
AL,Clay County,82.8
MD,Worcester County,82.7
OK,Tillman County,82.7
GA,Effingham County,82.7
FL,Franklin County,82.7
CA,Kern County,82.7
VA,Orange County,82.6
MO,Boone County,82.6
SD,Tripp County,82.6
CA,Monterey County,82.6
FL,Lafayette County,82.5
DE,Sussex County,82.5
FL,Clay County,82.4
OK,Logan County,82.4
SC,Horry County,82.4
WA,Okanogan County,82.4
FL,Bay County,82.4
SD,Walworth County,82.3
MT,Pondera County,82.3
VA,Campbell County,82.3
IL,Lake County,82.3
OK,Garvin County,82.3
VA,Albemarle County,82.3
OR,Washington County,82.2
MS,Pontotoc County,82.2
AR,Craighead County,82.2
NC,Chatham County,82.2
NC,Camden County,82.2
NY,Dutchess County,82.1
MI,Kalamazoo County,82.1
GA,Jeff Davis County,82
FL,Hendry County,82
CA,Merced County,82
AL,Limestone County,82
LA,Beauregard Parish,82
VA,New Kent County,81.9
GA,Barrow County,81.8
FL,Calhoun County,81.8
MD,Calvert County,81.8
VA,Winchester,81.8
NY,Orange County,81.8
MD,Kent County,81.8
FL,Okaloosa County,81.7
ND,McKenzie County,81.7
LA,West Carroll Parish,81.6
CA,Lassen County,81.6
MO,New Madrid County,81.6
NJ,Salem County,81.6
VA,Fluvanna County,81.5
NM,Socorro County,81.5
NY,Tompkins County,81.5
SD,Moody County,81.5
TX,Navarro County,81.5
MD,Caroline County,81.5
TX,Lamar County,81.4
FL,Wakulla County,81.4
CA,Inyo County,81.4
IL,Winnebago County,81.4
OK,Cotton County,81.4
NC,New Hanover County,81.3
WI,Forest County,81.3
NE,Douglas County,81.3
MS,Tippah County,81.3
CA,Kings County,81.3
OK,Kay County,81.3
AL,Etowah County,81.2
IL,Kankakee County,81.2
TX,Angelina County,81.2
OK,Marshall County,81.2
MI,Muskegon County,81.1
IN,Saint Joseph County,81.1
AZ,Graham County,81.1
LA,Caldwell Parish,81.1
LA,Vermilion Parish,81.1
TX,Potter County,81.1
OK,Blaine County,81.1
IL,DuPage County,81.1
PA,Montgomery County,81
TX,Panola County,81
KS,Sedgwick County,81
PA,Allegheny County,81
GA,Bacon County,81
GA,Floyd County,80.9
OH,Mahoning County,80.9
IN,Allen County,80.9
TX,Cherokee County,80.9
MA,Middlesex County,80.9
MA,Norfolk County,80.9
OK,Payne County,80.9
NY,Onondaga County,80.9
AL,Colbert County,80.8
KY,Hardin County,80.7
TX,Travis County,80.7
SC,Lexington County,80.7
CO,Denver County,80.7
MD,Harford County,80.7
VA,Falls Church,80.6
VA,James City County,80.6
LA,Lafourche Parish,80.6
TX,Jasper County,80.6
SC,Anderson County,80.6
FL,Seminole County,80.6
LA,Grant Parish,80.6
IL,Will County,80.6
OR,Multnomah County,80.5
CA,Riverside County,80.5
TX,Brazos County,80.4
NC,Johnston County,80.4
TX,Grimes County,80.4
TX,McLennan County,80.3
FL,Putnam County,80.3
NY,Erie County,80.3
NC,Gaston County,80.2
TX,Cass County,80.2
WA,Snohomish County,80.2
AZ,Gila County,80.2
TX,Galveston County,80.1
NC,Rowan County,80.1
OK,Creek County,80
OK,Cleveland County,80
FL,Osceola County,80
VA,Louisa County,80
AK,Southeast Fairbanks Census Area,80
FL,Washington County,80
MI,Luce County,79.9
GA,Harris County,79.9
OH,Summit County,79.9
LA,Jefferson Davis Parish,79.9
CT,Fairfield County,79.8
VA,Colonial Heights,79.8
NY,Schenectady County,79.8
TN,Rutherford County,79.7
FL,Polk County,79.7
NC,Pender County,79.7
RI,Providence County,79.7
MI,Berrien County,79.7
TX,Freestone County,79.7
LA,Acadia Parish,79.6
GA,Walton County,79.6
VA,Middlesex County,79.6
AR,Jackson County,79.6
TN,Gibson County,79.5
GA,Oglethorpe County,79.5
PA,Forest County,79.4
CA,Yuba County,79.4
PA,Monroe County,79.4
VA,Goochland County,79.3
OK,Pawnee County,79.3
TX,Denton County,79.3
NM,Sandoval County,79.2
TX,Shelby County,79.2
MD,Saint Mary's County,79.1
AK,Haines Borough,79.1
TX,Red River County,79
GA,Bryan County,78.9
TX,Rusk County,78.9
VA,Culpeper County,78.9
IL,Macon County,78.9
CT,New Haven County,78.8
MS,Webster County,78.7
TX,Camp County,78.7
FL,Glades County,78.7
CA,Del Norte County,78.6
WI,Sawyer County,78.6
OK,Washington County,78.5
TX,Washington County,78.5
TX,Limestone County,78.5
IL,Brown County,78.5
GA,Paulding County,78.4
NM,Rio Arriba County,78.4
GA,Hart County,78.4
KY,Fayette County,78.3
CO,Arapahoe County,78.3
MS,Stone County,78.2
FL,Bradford County,78.2
TX,Smith County,78.1
TN,Tipton County,78.1
AL,Lawrence County,78.1
NC,Rockingham County,78.1
OK,Murray County,78.1
FL,Columbia County,78
FL,Gulf County,78
FL,Miami-Dade County,77.9
AK,Petersburg Borough,77.9
MS,Perry County,77.9
AL,Autauga County,77.9
VA,King William County,77.9
MO,Pulaski County,77.8
GA,Appling County,77.8
IL,Jackson County,77.7
NY,Rockland County,77.7
GA,Coweta County,77.7
OK,Le Flore County,77.7
NY,Albany County,77.6
VA,Appomattox County,77.6
AL,Randolph County,77.6
LA,Vernon Parish,77.5
TX,Brazoria County,77.5
NC,Cabarrus County,77.4
GA,Carroll County,77.3
VA,Amherst County,77.3
NY,Monroe County,77.3
TX,Nacogdoches County,77.3
VA,King George County,77.3
CA,San Bernardino County,77.3
AK,Fairbanks North Star Borough,77.3
VA,Spotsylvania County,77.3
CA,Fresno County,77.2
MS,Rankin County,77.2
SC,Beaufort County,77.1
MI,Ingham County,77.1
VA,York County,77.1
AZ,La Paz County,77.1
NC,Montgomery County,77.1
NY,Richmond County,77.1
NC,Pamlico County,77
FL,Liberty County,77
MT,Chouteau County,77
GA,Atkinson County,77
OK,Wagoner County,76.9
GA,Schley County,76.9
TX,Newton County,76.9
SC,Greenville County,76.9
VA,Roanoke County,76.8554
NC,Orange County,76.8
CT,Hartford County,76.8
VA,Arlington County,76.6
OK,Bryan County,76.6
NC,Onslow County,76.6
MI,Saginaw County,76.6
SC,Cherokee County,76.5
WA,Ferry County,76.5
MI,Oakland County,76.5
AL,Coffee County,76.4
MS,Lamar County,76.4
VA,Pittsylvania County,76.3
OK,Pottawatomie County,76.3
CA,San Diego County,76.3
AL,Bibb County,76.3
GA,Crawford County,76.2
GA,Wayne County,76.2
NY,Nassau County,76.1
WA,Pierce County,76.1
NC,Cleveland County,76.1
FL,Palm Beach County,76.1
MD,Anne Arundel County,76.1
GA,Jasper County,76
AL,Elmore County,76
TX,Madison County,76
TX,Robertson County,76
OK,Rogers County,75.9
CA,Yolo County,75.9
MN,Hennepin County,75.9
SC,York County,75.9
AR,Howard County,75.8
FL,Taylor County,75.8
AL,Calhoun County,75.8
OK,Carter County,75.8
AR,Little River County,75.7
AR,Calhoun County,75.7
TN,Hamilton County,75.6
NC,Alamance County,75.5
OK,Pushmataha County,75.5
MS,Smith County,75.5
OR,Jefferson County,75.5
GA,Columbia County,75.4
MI,Mackinac County,75.4
NJ,Passaic County,75.4
VA,Henry County,75.3
OH,Lucas County,75.3
FL,Hillsborough County,75.3
TX,Anderson County,75.2
AL,Dale County,75.2
TX,Tarrant County,75.2
NC,Lee County,75.2
TX,Gregg County,75.2
MI,Genesee County,75.2
GA,Lee County,75.1
VA,Williamsburg,75.1
FL,Saint Lucie County,75.1
GA,Camden County,75
OK,Haskell County,75
AR,Cross County,74.9
IL,Peoria County,74.9
VA,Amelia County,74.8
WY,Fremont County,74.7
FL,Union County,74.7
TX,San Augustine County,74.7
MI,Washtenaw County,74.6
SC,Lancaster County,74.6
SC,Spartanburg County,74.5
OK,Atoka County,74.4
NJ,Burlington County,74.4
TX,Coryell County,74.4
NY,Westchester County,74.4
NJ,Bergen County,74.4
MN,Beltrami County,74.3
TX,Collin County,74.2
PA,Dauphin County,74.1
LA,Ascension Parish,74.1
OH,Montgomery County,74
CA,Sutter County,74
VA,Stafford County,74
AK,Valdez-Cordova Census Area,74
GA,Morgan County,74
TX,Harrison County,73.9
TX,Marion County,73.9
GA,Monroe County,73.9
IL,Champaign County,73.8
VA,Manassas,73.7
OK,Tulsa County,73.7
MI,Baraga County,73.6
MO,Mississippi County,73.6
OK,Johnston County,73.5
CA,Orange County,73.5
AR,Clark County,73.4
TX,Walker County,73.4
LA,Bossier Parish,73.4
KY,Jefferson County,73.4
VA,Northumberland County,73.4
OK,Pittsburg County,73.3
MS,Jackson County,73.3
NC,Perquimans County,73.2
GA,Candler County,73.2
GA,Colquitt County,73.1
TX,Morris County,73.1
OK,Coal County,73.1
KY,Christian County,73
GA,Jones County,73
MT,Hill County,72.7
VA,Isle of Wight County,72.7
AR,Arkansas County,72.6
KY,Fulton County,72.4
TN,Montgomery County,72.4
LA,Union Parish,72.3
GA,Chattahoochee County,72.2
NC,Craven County,72.2
NV,Clark County,72.2
GA,Lanier County,72.1
NJ,Cumberland County,72.1
SC,Kershaw County,72.1
LA,St. Bernard Parish,72.1
NC,Harnett County,72.1
MS,Lafayette County,72
AL,Crenshaw County,72
MS,DeSoto County,71.9
AR,Ashley County,71.9
TX,Houston County,71.9
SC,Laurens County,71.8
TX,Falls County,71.8
NC,Beaufort County,71.8
AR,Miller County,71.7
LA,Allen Parish,71.7
LA,Terrebonne Parish,71.7
MI,Chippewa County,71.6
NV,Mineral County,71.6
MS,Greene County,71.5
OK,Oklahoma County,71.4
GA,Montgomery County,71.4
SC,Aiken County,71.4
CA,Los Angeles County,71.3
NJ,Atlantic County,71.3
GA,Irwin County,71.3
LA,Plaquemines Parish,71.2
NJ,Somerset County,71.2
PA,Delaware County,71.1
LA,Calcasieu Parish,71
TX,Bowie County,71
MO,Pemiscot County,71
GA,Fayette County,70.9
AL,Lee County,70.9
GA,Bleckley County,70.9
IN,Lake County,70.9
GA,Toombs County,70.8
OK,Pontotoc County,70.8
VA,Loudoun County,70.7
AR,Woodruff County,70.7
TN,Fayette County,70.6
AL,Tallapoosa County,70.6
FL,Alachua County,70.6
AK,Wrangell City and Borough,70.6
LA,St. Charles Parish,70.5
TX,Waller County,70.5
MS,Calhoun County,70.5
TX,Harris County,70.5
AL,Henry County,70.4
MO,Jackson County,70.4
GA,Putnam County,70.4
OK,McIntosh County,70.3
CA,Alpine County,70.3
LA,Sabine Parish,70.3
LA,Lafayette Parish,70.2
GA,Butts County,70.2
NC,Duplin County,70.2
WA,King County,70.1
NJ,Camden County,70.1
MN,Ramsey County,70.1
AL,Houston County,70
FL,Escambia County,69.9
NC,Person County,69.9
MO,Saint Louis County,69.9
VA,Charlottesville,69.9
AK,Juneau City and Borough,69.9
VA,Lancaster County,69.9
OH,Franklin County,69.8
GA,Cook County,69.8
NC,Franklin County,69.8
VA,Chesterfield County,69.8
FL,Jackson County,69.8
MS,Harrison County,69.8
OK,Ottawa County,69.7
LA,Evangeline Parish,69.7
SC,Abbeville County,69.7
SC,Saluda County,69.7
KS,Geary County,69.6
AR,Drew County,69.6
GA,Glynn County,69.5
GA,Upson County,69.5
TN,Lake County,69.4
VA,Manassas Park,69.4
GA,Coffee County,69.4
AL,Madison County,69.4
GA,Miller County,69.4
GA,Worth County,69.2
OK,Nowata County,69.2
FL,Orange County,69
MS,Lee County,69
OH,Hamilton County,69
NC,Wake County,69
GA,Clinch County,69
LA,Jackson Parish,69
SC,Berkeley County,68.9
OK,Latimer County,68.9
VA,Accomack County,68.8
SC,Dorchester County,68.8
ND,Mountrail County,68.7
MD,Wicomico County,68.7
MS,Jones County,68.7
MS,Choctaw County,68.6
VA,Virginia Beach,68.6
VA,Westmoreland County,68.5
VA,Charlotte County,68.5
VA,Fredericksburg,68.4
AK,Ketchikan Gateway Borough,68.4
NJ,Union County,68.4
VA,King and Queen County,68.4
AR,Bradley County,68.3
GA,Long County,68.3
OK,Seminole County,68.3
DE,Kent County,68.3
LA,Assumption Parish,68.2
GA,Elbert County,68.2
MT,Lake County,68.2
GA,Tattnall County,68.1
CA,San Joaquin County,68.1
TX,Dallas County,68
GA,Dodge County,68
NC,Hyde County,68
MD,Dorchester County,68
OK,Mayes County,67.9
MS,Monroe County,67.8
MS,Lincoln County,67.7
TX,Bell County,67.7
SC,Charleston County,67.7
OK,Hughes County,67.7
AR,Lincoln County,67.7
LA,Washington Parish,67.6
NC,Forsyth County,67.5
NC,Sampson County,67.4
GA,Grady County,67.4
CA,Contra Costa County,67.3
GA,Ware County,67.3
LA,Tangipahoa Parish,67.2
OK,McCurtain County,67.2
AR,Nevada County,67.1
DE,New Castle County,67.1
OK,Delaware County,67.1
VA,Caroline County,67
AK,Sitka City and Borough,67
MS,Lawrence County,67
GA,Bulloch County,67
KS,Wyandotte County,66.9
AR,Hempstead County,66.8
LA,Avoyelles Parish,66.8
VA,Fairfax County,66.7412
LA,St. Martin Parish,66.7
LA,Winn Parish,66.7
OK,Sequoyah County,66.7
OK,Craig County,66.7
MS,Tate County,66.7
GA,Lincoln County,66.6
GA,Tift County,66.6
OK,Osage County,66.4
OK,Comanche County,66.4
LA,Catahoula Parish,66.4
LA,Franklin Parish,66.4
VA,Alexandria,66.4
AZ,Coconino County,66.4
IN,Marion County,66.3
LA,Jefferson Parish,66.3
SC,Union County,66.2
GA,Treutlen County,66.1
AK,Anchorage Municipality,66.1
AL,Coosa County,66.1
AL,Tuscaloosa County,66
AL,Washington County,66
MS,Marion County,66
NC,Jones County,65.9
IL,Cook County,65.8
NJ,Hudson County,65.8
VA,Lynchburg,65.7
OK,Okmulgee County,65.7
NC,Swain County,65.7
IL,Saint Clair County,65.7
GA,Lamar County,65.7
TN,Davidson County,65.6
GA,Pulaski County,65.6
GA,Evans County,65.5
SC,Newberry County,65.5
NJ,Mercer County,65.5
GA,Clarke County,65.5
SC,Georgetown County,65.5
WI,Milwaukee County,65.3
AL,Talladega County,65.2
SC,Greenwood County,65.1
GA,Charlton County,65
OK,Caddo County,65
FL,Broward County,64.9
VA,Cumberland County,64.8
NC,Granville County,64.7
NY,New York County,64.7
IL,Pulaski County,64.7
MS,Carroll County,64.7
VA,Dinwiddie County,64.6
GA,Cobb County,64.6
CA,Sacramento County,64.6
GA,Seminole County,64.6
SC,Chesterfield County,64.5
VA,Prince William County,64.4
AR,Union County,64.4
OH,Cuyahoga County,64.4
OK,Choctaw County,64.4
MS,Clarke County,64.4
OK,Okfuskee County,64.2
NC,Caswell County,64
SD,Charles Mix County,64
GA,Marion County,64
VA,Prince Edward County,64
NC,Columbus County,63.9
LA,Rapides Parish,63.9
LA,Webster Parish,63.7
GA,Spalding County,63.7
NC,Gates County,63.7
GA,Emanuel County,63.6
NC,Wayne County,63.6
GA,Houston County,63.6
GA,Johnson County,63.5
MS,Newton County,63.4
VA,Lunenburg County,63.3
NC,Chowan County,63.2
MS,Franklin County,63.2
FL,Hamilton County,63
VA,Buckingham County,62.8
AR,Mississippi County,62.8
GA,McIntosh County,62.8
LA,Richland Parish,62.7
VA,Chesapeake,62.7
MS,Covington County,62.6
FL,Leon County,62.6
MS,Simpson County,62.6
LA,Iberia Parish,62.6
CA,San Mateo County,62.5
LA,Pointe Coupee Parish,62.5
NC,Richmond County,62.4
MA,Suffolk County,62.4
TN,Lauderdale County,62.4
AL,Escambia County,62.2
GA,Wilcox County,62.2
MS,Benton County,62.2
GA,Brooks County,62.2
VA,Mecklenburg County,62.1
FL,Jefferson County,62.1
NJ,Middlesex County,62.1
MD,Montgomery County,62
FL,Duval County,62
GA,Ben Hill County,61.8
VA,Prince George County,61.8
LA,St. Mary Parish,61.7
VA,Northampton County,61.6
VA,Southampton County,61.5
VA,Halifax County,61.3
GA,Telfair County,61.3
GA,Laurens County,61.3
OK,Muskogee County,61.3
AR,Columbia County,61.1
AR,Lafayette County,61.1
GA,Greene County,61
SC,Edgefield County,60.9
NC,Pitt County,60.7
GA,Troup County,60.7
NC,Bladen County,60.7
CA,Solano County,60.6
GA,Thomas County,60.5
SC,Chester County,60.5
MS,Neshoba County,60.4
MD,Howard County,60.4
IL,Alexander County,60.3
GA,Wheeler County,60.2
GA,Taylor County,60.1
AL,Mobile County,60.1
LA,Ouachita Parish,60
MS,Forrest County,60
MS,Yalobusha County,59.8
TN,Madison County,59.8
MT,Rosebud County,59.7
LA,West Baton Rouge Parish,59.6
SD,Roberts County,59.4
VA,Henrico County,59.3
TX,Jefferson County,59.3
NC,Greene County,59.2
NC,Mecklenburg County,59.2
MS,Wayne County,59.2
AR,Pulaski County,59.2
LA,De Soto Parish,59.2
GA,Wilkinson County,59
MS,Scott County,59
GA,Lowndes County,59
LA,Red River Parish,58.9
SC,Colleton County,58.9
NC,Tyrrell County,58.9
FL,Madison County,58.7
AL,Pike County,58.5
NC,Pasquotank County,58.5
NC,Guilford County,58.4
AL,Chambers County,58.3
GA,Turner County,58.3
GA,Meriwether County,58.2
MS,Oktibbeha County,58.2
MS,Madison County,58.1
GA,Gwinnett County,58.1
SD,Lyman County,58.1
AL,Pickens County,58.1
MS,Amite County,57.9
VA,Nottoway County,57.9
LA,Concordia Parish,57.9
VA,Essex County,57.6
AK,Kodiak Island Borough,57.2
TX,Fort Bend County,57.2
AR,Ouachita County,57
NM,San Juan County,57
GA,Twiggs County,57
NC,Wilson County,57
NC,Nash County,56.8
GA,McDuffie County,56.8
AR,Monroe County,56.7
SC,Darlington County,56.7
AL,Choctaw County,56.6
LA,St. Landry Parish,56.6
AR,Dallas County,56.4
CA,Santa Clara County,56.4
MS,Attala County,56.4
NC,Lenoir County,56.3
TN,Hardeman County,56.2
GA,Screven County,56.2
LA,Bienville Parish,56.1
MS,Grenada County,56
SC,Calhoun County,55.8
GA,Decatur County,55.7
GA,Webster County,55.6
AL,Monroe County,55.5
VA,Hopewell,55.5
LA,Lincoln Parish,55
NC,Martin County,55
GA,Wilkes County,54.9
GA,Baldwin County,54.9
LA,Natchitoches Parish,54.8
MI,Wayne County,54.8
MS,Lauderdale County,54.8
SC,Florence County,54.7
GA,Jenkins County,54.6
GA,Chatham County,54.5
MS,Walthall County,54.2
MS,Chickasaw County,54.2
NM,Cibola County,54
AL,Clarke County,54
AL,Jefferson County,54
AL,Butler County,53.9
MS,Lowndes County,53.9
CA,San Francisco County,53.8
GA,Crisp County,53.8
LA,East Feliciana Parish,53.7
MD,Somerset County,53.6
GA,Newton County,53.6
VA,Surry County,53.5
OK,Cherokee County,53.5
GA,Henry County,53.4
NC,Cumberland County,53.2
MS,Montgomery County,53.2
SC,Barnwell County,53.1
SC,Jasper County,53.1
AL,Russell County,53.1
NC,Durham County,53
LA,West Feliciana Parish,52.9
VA,Suffolk,52.4
AL,Conecuh County,52.1
GA,Douglas County,51.8
CA,Alameda County,51.7
GA,Baker County,51.6
MS,Winston County,51.5
GA,Peach County,51.5
VA,Martinsville,51.4
GA,Quitman County,51.3
GA,Liberty County,51.1
AZ,Navajo County,51
MS,Marshall County,50.9
VA,Newport News,50.9
NC,Hoke County,50.4
LA,Morehouse Parish,50.3
AL,Barbour County,50.2
AR,Desha County,50.1
UT,San Juan County,50
MS,Leake County,50
GA,Mitchell County,49.8
MD,Baltimore County,49.7959
NJ,Essex County,49.7
LA,St. James Parish,49.6
SC,McCormick County,49.6
MS,Warren County,49.6
SC,Clarendon County,49.4
LA,Iberville Parish,49.4
NY,Kings County,49.3
SC,Sumter County,49.2
GA,Burke County,49.2
VA,Norfolk,49.2
NY,Queens County,49.1
LA,East Baton Rouge Parish,48.9
AK,Hoonah-Angoon Census Area,48.8
MS,Panola County,48.7
MN,Mahnomen County,48.6
TN,Haywood County,48.6
LA,Caddo Parish,48.5
SC,Dillon County,48.4
NC,Washington County,48.3
MT,Blaine County,48.2
MD,Charles County,48.2
GA,Early County,48.2
NC,Anson County,48.1
GA,Muscogee County,47.9
SC,Richland County,47.8
GA,Dooly County,47.6
VA,Danville,47.5
AL,Marengo County,47.4
AK,Prince of Wales-Hyder Census Area,47.2
MS,Copiah County,47.1
GA,Fulton County,46.7
MO,St. Louis,46.6
LA,Claiborne Parish,46.6
NC,Scotland County,46.4
NC,Vance County,46.4
MS,Jasper County,46.4
AK,Bristol Bay Borough,46.1
AR,Crittenden County,45.9
MS,Pike County,45.7
VA,Richmond County,45.5755
GA,Washington County,45.5
NY,Bronx County,45.5
PA,Philadelphia County,45.3
LA,St. Helena Parish,45.3
GA,Stewart County,45.1
MS,Adams County,44.6
OK,Adair County,44.6
GA,Jefferson County,44.5
AR,Saint Francis County,44.5
GA,Rockdale County,44.4
GA,Sumter County,44
SC,Hampton County,43.9
LA,Tensas Parish,43.7
DC,District of Columbia,43.6
AR,Chicot County,43.5
VA,Hampton,43.3
AR,Lee County,43.1
ND,Benson County,43
VA,Brunswick County,43
GA,Bibb County,42.6
SD,Jackson County,42.5
FL,Gadsden County,42.3
TN,Shelby County,42.3
VA,Charles City County,42.1
SC,Marlboro County,42.1
LA,St. John the Baptist Parish,42
VA,Portsmouth,41.8
AR,Jefferson County,41.7
SD,Mellette County,41.6
MS,Tallahatchie County,41.3
GA,Talbot County,41.3
NC,Warren County,41
SC,Marion County,40.9
NC,Halifax County,40.8
AL,Hale County,40.8
MS,Yazoo County,40.8
GA,Taliaferro County,40.5
VA,Sussex County,40.5
NE,Thurston County,40.3
MS,Clay County,40.2
NC,Edgecombe County,40.1
AK,Yakutat City and Borough,39.8
NC,Northampton County,39.6
GA,Richmond County,39.5
SC,Fairfield County,39.2
AL,Montgomery County,38.9
VA,Greensville County,38.8
MS,Jefferson Davis County,38.7
GA,Clay County,38.6
GA,Warren County,38.2
MT,Roosevelt County,38.1
AK,Aleutians West Census Area,37.8
GA,Randolph County,37.7
GA,Macon County,37.2
GA,Terrell County,37.2
SC,Bamberg County,37
GA,DeKalb County,36.7
AR,Phillips County,36.5
LA,Madison Parish,36.3
NC,Hertford County,36.3
NC,Bertie County,36.2
GA,Calhoun County,36.1
HI,Maui County,35.9
LA,Orleans Parish,35.3
MS,Kemper County,35.1
MS,Issaquena County,35
SC,Orangeburg County,34.9
SD,Bennett County,34.8
SC,Lee County,34.7
HI,Hawaii County,34.3
AK,North Slope Borough,33.9
MS,Bolivar County,33.8
HI,Kauai County,33.7
MT,Glacier County,33.6
VA,Emporia,33.2
SC,Williamsburg County,33.1
NC,Robeson County,32.2
SD,Corson County,32.2
MT,Big Horn County,31.9
AL,Perry County,31.1
LA,East Carroll Parish,30.3
MS,Sharkey County,29.2
MS,Quitman County,29
GA,Dougherty County,29
AL,Dallas County,29
MS,Wilkinson County,28.9
AL,Wilcox County,28.1
HI,Kalawao County,28.1
MS,Hinds County,27.3
MS,Washington County,27
AL,Bullock County,26.9
MD,Prince George's County,26.9
MS,Noxubee County,26.9
AL,Lowndes County,25.8
MS,Sunflower County,25.8
AL,Sumter County,25.5
MS,Leflore County,25.5
GA,Hancock County,25.4
SC,Allendale County,25.4
AK,Lake and Peninsula Borough,25.1
SD,Ziebach County,24.4
GA,Clayton County,23.6
MS,Coahoma County,23.5
MS,Humphreys County,23.5
AZ,Apache County,23.4
AK,Yukon-Koyukuk Census Area,23.2
HI,Honolulu County,23.1
SD,Dewey County,22.8
AK,Aleutians East Borough,22.8
MS,Tunica County,22.2
ND,Rolette County,20.6
AK,Dillingham Census Area,18.7
NM,McKinley County,18.6
AL,Greene County,18.5
SD,Buffalo County,18.4
VA,Petersburg,18.4
AK,Nome Census Area,17.3
AL,Macon County,16.7
MS,Holmes County,16.6
ND,Sioux County,14.9
MS,Claiborne County,14.3
MS,Jefferson County,14.1
AK,Northwest Arctic Borough,13.1
WI,Menominee County,12.8
AK,Bethel Census Area,12.1
SD,Todd County,10.8
SD,Shannon County,5.9
AK,Wade Hampton Census Area,5.2
