County,NumHispanicFleeing,NumWhiteFleeing,NumShootingsOnBlack,NumShootingsOnHispanic,NumShootingsOnNative,NumShootingsOnWhite,NumShootingsOnAsian
Ada County,3,3,0,3,0,10,0
Adair County,0,0,0,0,0,2,0
Adams County,5,7,7,9,0,18,1
Adams County,0,0,0,0,0,1,0
Adams County,0,0,0,0,0,1,0
Adams County,0,1,0,0,0,1,0
Adams County,0,0,0,0,0,1,0
Adams County,0,0,0,0,0,0,0
Aiken County,0,0,1,0,0,4,0
Aitkin County,0,0,0,0,0,1,0
Alachua County,0,0,2,0,0,1,0
Alamance County,0,1,1,1,0,1,0
Alameda County,4,1,12,7,0,8,2
Alamosa County,0,1,0,1,0,1,0
Albany County,0,0,0,0,0,2,0
Albany County,1,0,0,1,0,1,0
Allegany County,0,0,0,0,0,1,0
Alleghany County,0,0,0,0,0,1,0
Allegheny County,0,0,10,0,0,0,0
Allen County,1,0,0,1,0,3,0
Allen County,0,0,0,0,0,1,0
Allen County,0,0,0,0,0,1,0
Anderson County,0,0,0,0,0,1,0
Anderson County,0,1,0,1,0,5,0
Anderson County,0,2,1,0,0,3,0
Anderson County,0,1,0,0,0,2,0
Androscoggin County,0,1,0,0,0,3,0
Angelina County,0,0,1,0,0,0,0
Anne Arundel County,0,0,1,0,0,4,0
Anoka County,0,0,1,0,2,1,0
Anson County,0,1,0,0,0,4,0
Apache County,0,1,0,0,2,2,0
Arapahoe County,1,4,1,1,0,7,0
Arlington County,0,1,0,1,0,1,0
Aroostook County,0,0,0,0,0,1,0
Ashe County,0,1,0,0,0,2,0
Ashland County,0,1,0,0,1,1,0
Ashtabula County,0,1,0,0,0,1,0
Atascosa County,1,1,0,1,0,2,0
Athens County,0,0,0,0,0,1,0
Atkinson County,0,0,0,0,0,1,0
Atlantic County,0,0,4,0,0,1,0
Aurora County,0,0,0,0,0,1,0
Austin County,0,0,0,0,0,1,0
Baca County,0,0,0,0,0,0,0
Baker County,0,0,0,0,0,1,0
Baldwin County,0,1,1,0,0,3,0
Baltimore County,0,2,30,0,0,7,0
Bannock County,0,1,0,0,0,1,0
Barber County,0,0,0,0,0,1,0
Barbour County,0,0,1,0,0,0,0
Barren County,0,0,1,0,0,0,0
Barrow County,0,0,0,0,0,0,0
Barry County,0,0,0,0,0,1,0
Barton County,0,1,0,0,0,1,0
Bartow County,0,0,0,0,0,3,0
Bates County,0,0,1,0,0,0,0
Bath County,0,2,0,0,0,2,0
Bay County,0,0,3,0,0,4,0
Bay County,0,0,0,0,0,1,0
Beaufort County,0,0,1,0,0,0,0
Beaufort County,0,0,0,0,0,1,0
Beaverhead County,0,0,0,0,0,1,0
Bedford County,0,0,0,0,0,1,0
Belknap County,0,0,0,0,0,2,0
Bell County,0,0,0,0,0,0,0
Bell County,0,1,4,0,0,2,0
Belmont County,0,0,0,0,0,1,0
Beltrami County,0,0,0,0,1,0,0
Benson County,0,0,0,0,1,0,0
Benton County,0,0,1,0,0,3,0
Benton County,0,0,0,0,0,1,0
Benton County,0,1,1,0,0,4,0
Bergen County,0,0,1,2,0,0,0
Berkeley County,0,1,0,0,0,3,0
Berkeley County,0,0,1,0,0,0,0
Berks County,0,0,0,1,0,2,0
Berkshire County,0,1,0,0,0,1,0
Bernalillo County,13,5,0,29,0,9,0
Berrien County,0,0,1,0,0,1,0
Bexar County,10,4,6,34,0,11,0
Bibb County,0,0,2,0,0,1,0
Big Horn County,0,0,0,0,1,0,0
Bingham County,0,0,0,0,1,1,0
Bladen County,0,1,1,0,0,1,0
Bleckley County,0,0,0,0,0,1,0
Blount County,0,0,0,0,0,1,0
Blue Earth County,0,1,0,0,0,2,0
Bonner County,0,0,0,0,0,3,0
Bonneville County,0,1,1,0,0,4,1
Boone County,0,0,0,0,0,2,0
Boone County,0,0,0,0,0,1,0
Boone County,0,1,2,0,0,1,0
Botetourt County,0,0,0,0,0,1,0
Boulder County,1,0,0,1,0,4,1
Bourbon County,0,0,0,0,0,1,0
Bowie County,0,0,0,0,0,1,0
Bradford County,0,0,1,0,0,1,0
Bradley County,0,0,1,0,0,0,0
Bradley County,0,0,0,0,0,1,0
Braxton County,0,0,0,0,0,2,0
Brazoria County,0,4,1,1,0,8,0
Brazos County,0,0,0,0,0,1,0
Brevard County,0,2,6,2,0,9,0
Brewster County,0,0,0,1,0,0,0
Bristol County,1,0,1,1,0,0,0
Bronx County,0,0,3,1,0,0,0
Brooke County,0,0,0,0,0,1,0
Broome County,0,1,0,0,0,2,0
Broomfield County,0,1,0,0,0,1,0
Broward County,0,2,16,3,0,5,0
Brown County,0,0,0,1,0,2,0
Brunswick County,0,0,1,0,0,1,0
Bryan County,0,1,0,0,0,1,0
Buchanan County,0,1,0,0,0,3,0
Buchanan County,0,0,0,0,0,1,0
Buckingham County,0,0,1,0,0,0,0
Bullitt County,0,0,0,0,0,1,0
Bulloch County,0,1,0,0,0,1,0
Buncombe County,0,0,1,0,0,1,0
Burke County,0,0,0,0,0,1,0
Burleigh County,0,1,0,0,0,2,0
Burlington County,0,0,0,1,0,0,0
Burnet County,0,0,0,0,0,1,0
Butler County,0,0,0,0,0,1,0
Butler County,0,0,0,0,0,1,0
Butler County,0,0,2,0,0,3,0
Butte County,0,4,1,1,0,7,0
Butts County,0,0,0,0,0,2,0
Cabarrus County,0,0,1,0,0,0,0
Cabell County,0,0,0,0,0,1,0
Cache County,0,0,0,0,0,1,0
Caddo County,0,0,0,0,1,0,0
Calaveras County,0,0,0,0,0,1,0
Caldwell County,0,0,1,0,0,0,0
Caldwell County,0,2,1,0,0,5,0
Caldwell County,0,0,0,1,0,0,0
Calhoun County,0,3,1,1,0,5,0
Calhoun County,0,0,0,0,0,1,0
Calhoun County,0,1,0,0,0,2,0
Callaway County,0,1,0,0,0,1,0
Calloway County,0,0,0,0,0,1,0
Cambria County,0,0,0,0,0,1,0
Camden County,0,0,2,0,0,0,0
Camden County,0,0,1,2,0,0,0
Cameron County,2,0,0,6,0,0,0
Campbell County,0,2,0,0,0,2,0
Canadian County,0,1,0,0,0,2,0
Canyon County,0,1,0,1,0,6,0
Cape Girardeau County,0,1,0,0,0,2,0
Carbon County,0,1,0,0,0,1,0
Carbon County,0,0,1,0,0,0,0
Carbon County,0,0,0,0,0,0,0
Caroline County,0,0,0,0,0,2,0
Carroll County,0,1,1,0,0,3,0
Carroll County,0,0,0,0,0,1,0
Carroll County,0,0,0,0,0,1,0
Carson County,0,0,0,0,0,0,1
Carter County,0,1,0,0,0,1,0
Carter County,0,0,0,0,0,2,0
Carter County,0,0,0,0,0,2,0
Carver County,0,0,0,0,0,2,0
Cascade County,0,1,0,0,1,4,0
Cass County,0,0,1,0,0,0,0
Cass County,0,0,0,0,0,1,0
Cass County,0,1,0,0,0,2,0
Cass County,0,1,0,0,0,1,0
Cass County,0,0,0,0,0,1,0
Cass County,0,0,0,0,0,1,0
Catawba County,0,0,1,0,0,3,0
Catoosa County,0,1,0,0,0,1,0
Cecil County,0,1,1,0,0,5,0
Centre County,0,0,1,0,0,0,0
Chambers County,0,1,0,0,0,1,0
Champaign County,0,0,1,0,0,0,0
Charles County,0,0,0,0,0,0,1
Charleston County,0,0,4,0,0,4,0
Charlevoix County,0,0,0,0,0,1,0
Charlotte County,0,1,0,0,0,2,0
Chatham County,0,0,6,0,0,2,0
Chautauqua County,0,0,0,0,0,1,0
Chaves County,0,0,0,0,0,2,0
Cheatham County,0,0,0,0,0,2,0
Chelan County,0,0,0,0,0,1,0
Chemung County,0,1,0,0,0,2,0
Cherokee County,0,1,0,0,0,1,0
Cherokee County,0,1,1,0,1,4,0
Cherokee County,0,0,0,0,0,1,0
Cherokee County,0,0,0,0,0,1,0
Chester County,0,0,1,0,0,0,0
Chester County,0,1,1,0,0,1,0
Chesterfield County,0,0,0,0,0,1,0
Chesterfield County,0,0,0,0,0,2,0
Cheyenne County,0,0,0,0,0,1,0
Chickasaw County,0,0,1,0,0,0,0
Childress County,1,0,0,1,0,0,0
Chilton County,0,1,0,0,0,2,0
Chippewa County,0,0,0,0,0,1,0
Chisago County,0,1,0,0,0,1,0
Chittenden County,0,0,0,0,1,2,0
Choctaw County,0,1,0,0,0,1,0
Christian County,0,1,0,0,0,1,0
Christian County,0,0,0,0,0,1,0
Cibola County,0,0,0,1,0,0,0
Citrus County,0,1,0,0,0,5,0
Clackamas County,0,0,1,0,0,7,0
Claiborne County,0,0,0,0,0,0,0
Clallam County,0,0,0,0,0,0,0
Clark County,0,0,1,0,0,2,0
Clark County,0,1,0,0,0,1,0
Clark County,7,9,14,20,0,27,3
Clark County,0,1,0,0,0,2,0
Clark County,1,2,2,2,0,6,1
Clark County,0,1,0,0,0,2,0
Clarke County,0,1,0,0,0,5,2
Clatsop County,0,0,0,0,0,2,0
Clay County,0,0,0,0,0,1,0
Clay County,0,0,1,0,0,3,0
Clay County,0,0,0,0,0,1,0
Clay County,0,2,0,0,0,3,0
Clayton County,0,1,2,0,0,1,0
Clear Creek County,0,1,0,0,0,1,0
Clearfield County,0,1,0,0,0,1,0
Clearwater County,0,0,0,0,0,1,0
Cleburne County,0,0,0,0,0,1,0
Cleveland County,0,2,0,1,0,2,0
Cleveland County,0,1,0,0,0,2,0
Clinton County,0,1,0,0,0,1,0
Coahoma County,0,0,1,0,0,0,0
Coal County,0,0,0,0,0,1,0
Cobb County,1,0,7,1,0,4,0
Cochise County,1,0,0,3,0,0,0
Cochran County,1,0,0,1,0,0,0
Cocke County,0,1,0,0,0,3,0
Coconino County,1,2,0,1,3,7,0
Coffee County,0,0,0,0,0,1,0
Coffee County,0,0,0,0,0,1,0
Colbert County,0,1,1,0,0,2,0
Cole County,0,0,0,0,0,2,0
Colfax County,0,0,0,1,0,0,0
Colleton County,0,0,1,0,0,0,0
Collier County,0,1,0,2,0,1,0
Collin County,0,0,1,1,0,3,0
Colquitt County,0,0,0,1,0,0,0
Columbia County,0,0,1,0,0,0,0
Columbia County,0,0,0,0,0,0,0
Columbia County,0,0,0,0,0,0,0
Columbia County,0,0,0,0,0,1,0
Comanche County,0,0,3,0,0,4,0
Contra Costa County,4,2,6,5,0,5,1
Converse County,0,0,0,1,0,1,0
Cook County,0,0,1,0,0,0,0
Cook County,7,3,42,10,0,5,0
Cooke County,0,1,0,0,0,1,0
Coos County,0,0,0,0,0,1,0
Coos County,0,0,0,0,0,1,0
Copiah County,0,0,1,0,0,0,0
Corson County,0,0,0,0,1,0,0
Covington County,0,1,0,0,0,1,0
Coweta County,0,0,1,0,0,0,0
Cowley County,0,1,0,0,0,1,0
Cowlitz County,1,1,1,1,0,4,0
Craig County,0,0,1,0,0,0,0
Craighead County,0,0,0,0,0,3,0
Craven County,0,0,0,0,0,1,0
Crawford County,0,0,0,0,0,1,0
Crawford County,0,1,0,0,0,1,0
Crawford County,0,0,0,0,0,1,0
Crawford County,0,1,0,0,0,1,0
Creek County,0,0,0,0,0,2,0
Crenshaw County,0,0,0,0,0,2,0
Crittenden County,0,1,4,0,0,1,0
Crockett County,0,0,1,0,0,1,0
Cullman County,0,0,0,0,0,1,0
Culpeper County,0,1,2,0,0,1,0
Cumberland County,0,2,0,0,0,2,0
Cumberland County,0,1,1,0,0,2,0
Cumberland County,0,0,5,0,0,3,0
Cumberland County,1,0,4,1,0,1,0
Cumberland County,0,0,0,0,0,1,0
Curry County,1,0,0,1,0,0,0
Custer County,0,0,0,0,0,1,0
Cuyahoga County,0,2,12,0,0,6,1
Dade County,0,0,0,0,0,0,0
Dakota County,0,1,0,0,0,4,1
Dakota County,0,0,0,1,0,0,0
Dale County,0,1,0,0,0,2,0
Dallam County,0,1,0,0,0,1,0
Dallas County,0,0,1,0,0,0,0
Dallas County,0,1,0,0,0,1,0
Dallas County,0,0,0,0,0,1,0
Dallas County,5,6,13,8,0,14,1
Dane County,0,0,1,0,0,2,0
Darlington County,0,0,1,0,0,2,0
Dauphin County,0,1,3,0,0,1,0
Davidson County,0,2,1,0,0,4,0
Davidson County,0,0,4,1,0,3,0
Davie County,0,0,0,0,0,1,0
Daviess County,0,0,1,0,1,2,0
Davis County,1,3,0,1,0,6,0
Davison County,0,0,0,0,0,1,0
De Baca County,1,0,0,1,0,0,0
De Witt County,0,0,0,0,0,1,0
DeKalb County,0,1,4,1,0,4,0
DeKalb County,0,0,0,0,0,1,0
DeKalb County,0,1,0,0,0,1,0
DeSoto County,0,0,2,1,0,2,0
Deaf Smith County,0,0,0,1,0,0,0
Dearborn County,0,0,0,0,0,2,0
Decatur County,0,0,1,0,0,0,0
Decatur County,0,1,0,0,0,1,0
Defiance County,0,0,1,0,0,0,0
Del Norte County,0,0,0,0,0,0,0
Delaware County,0,2,0,0,0,5,0
Delaware County,0,0,0,0,0,1,0
Delaware County,0,1,0,0,1,3,0
Delaware County,0,0,2,0,0,2,0
Denton County,0,1,4,1,0,4,0
Denver County,7,3,4,12,3,9,2
Des Moines County,0,1,1,0,0,2,0
Deschutes County,0,0,0,0,0,3,0
Deuel County,0,0,0,0,0,1,0
Dewey County,0,0,0,0,0,0,0
Dickson County,0,0,0,0,0,1,0
Dillon County,0,0,0,0,0,2,0
Dixie County,0,0,0,0,0,1,0
Dodge County,0,0,0,0,0,1,0
Dorchester County,0,0,1,0,0,0,0
Dougherty County,0,0,1,0,0,0,0
Douglas County,1,0,0,1,0,3,0
Douglas County,0,0,1,0,0,2,0
Douglas County,0,0,0,0,0,1,0
Douglas County,0,1,0,0,0,1,0
Douglas County,0,0,0,0,0,2,0
Douglas County,0,2,5,0,0,7,0
Douglas County,0,0,0,0,0,1,0
Douglas County,0,0,0,0,0,1,0
Douglas County,0,0,0,0,0,1,0
Do√±a Ana County,6,0,0,10,0,4,0
DuPage County,0,0,1,1,0,0,0
Duchesne County,0,0,0,0,0,1,0
Duplin County,0,0,0,0,0,1,0
Durham County,0,0,5,0,0,1,0
Dutchess County,0,1,0,1,0,1,0
Duval County,0,2,18,4,0,12,0
Dyer County,0,0,0,0,0,1,0
Eagle County,0,0,1,0,0,0,0
Eastland County,1,0,0,1,0,0,0
Eaton County,0,1,0,0,0,1,0
Eau Claire County,0,0,0,0,0,6,0
Ector County,3,1,0,4,0,6,0
Eddy County,1,0,0,2,0,2,0
Edgecombe County,0,0,1,1,0,0,0
Effingham County,0,1,0,0,0,2,0
El Dorado County,0,1,1,0,0,1,0
El Paso County,2,3,3,4,0,13,0
El Paso County,3,2,2,8,0,5,0
Elbert County,1,0,0,1,0,0,0
Elkhart County,1,0,2,1,0,0,0
Elko County,0,2,0,0,0,3,0
Ellis County,0,2,0,0,0,2,0
Ellis County,1,0,1,1,0,1,0
Elmore County,0,0,3,0,0,0,0
Elmore County,0,1,0,0,0,2,0
Emery County,0,1,0,0,0,1,0
Erie County,1,0,1,2,0,1,0
Erie County,0,0,0,0,0,1,0
Escambia County,0,0,1,0,0,0,0
Escambia County,0,1,4,0,0,1,0
Essex County,0,2,1,1,0,5,0
Essex County,0,0,11,0,0,0,0
Etowah County,0,0,0,0,0,1,0
Evans County,0,0,1,0,0,0,0
Fairfax County,0,1,0,0,0,1,1
Fairfield County,1,0,1,1,0,3,0
Fairfield County,0,0,0,0,0,1,0
Fayette County,0,1,1,0,0,2,0
Fayette County,0,0,1,0,0,1,0
Fayette County,0,0,0,0,0,2,0
Fayette County,0,0,1,0,0,2,0
Fayette County,0,0,0,0,0,1,0
Fentress County,0,0,0,0,0,1,0
Fergus County,0,1,0,0,0,1,0
Fillmore County,0,0,0,0,0,1,0
Finney County,0,0,0,1,0,0,0
Flathead County,0,2,0,0,0,3,0
Florence County,0,1,3,0,0,1,0
Floyd County,0,2,0,0,0,2,0
Floyd County,0,0,0,0,0,1,0
Foard County,0,0,0,0,0,1,0
Fond du Lac County,0,0,0,0,0,1,0
Forest County,0,0,0,0,1,1,0
Forrest County,0,0,3,0,0,1,0
Forsyth County,0,0,0,0,0,3,0
Forsyth County,0,0,2,0,0,0,0
Fort Bend County,0,0,3,0,0,2,0
Franklin County,0,1,0,0,0,2,0
Franklin County,0,0,0,0,0,0,0
Franklin County,0,0,0,1,0,0,0
Franklin County,1,0,0,1,0,0,0
Franklin County,0,0,0,0,0,1,0
Franklin County,0,1,0,0,0,2,0
Franklin County,0,0,0,0,0,1,0
Franklin County,0,1,0,0,0,1,0
Franklin County,0,3,24,0,0,11,0
Franklin County,0,0,0,0,0,0,0
Franklin County,0,3,0,0,0,3,0
Franklin County,1,0,1,3,0,0,0
Frederick County,0,1,1,1,0,1,0
Freeborn County,0,0,0,0,0,1,0
Freestone County,0,0,0,1,0,0,0
Fremont County,0,0,0,0,1,0,0
Fresno County,4,3,1,16,0,9,1
Frio County,0,0,0,1,0,0,0
Fulton County,1,0,26,3,0,1,1
Fulton County,0,0,0,0,0,1,0
Fulton County,0,0,0,0,0,1,0
Fulton County,0,0,0,0,0,1,0
Fulton County,0,1,0,0,0,1,0
Gadsden County,0,0,0,0,0,0,0
Gaines County,0,0,0,0,0,1,0
Gallatin County,0,1,0,0,0,2,0
Galveston County,1,1,1,2,0,7,0
Garfield County,0,3,0,0,0,3,0
Garfield County,0,1,0,0,0,1,0
Garland County,0,0,0,0,0,1,0
Garrard County,0,0,0,0,0,1,0
Gaston County,0,0,2,0,0,5,0
Geary County,0,0,0,0,0,1,0
Genesee County,0,1,2,0,0,1,0
Genesee County,0,0,0,0,0,1,0
George County,0,1,0,0,0,1,0
Gibson County,0,0,0,0,0,1,0
Gibson County,0,0,0,0,0,2,0
Gila County,0,0,0,0,0,1,0
Giles County,0,0,0,0,0,1,0
Gladwin County,0,0,0,0,0,1,0
Gloucester County,0,0,2,0,0,0,0
Glynn County,0,0,1,0,0,0,0
Gonzales County,0,0,1,0,0,0,0
Goochland County,0,0,1,0,0,0,0
Gooding County,0,1,0,0,0,2,0
Gordon County,0,0,1,0,0,0,0
Grady County,1,1,0,1,0,3,0
Grafton County,0,0,0,0,0,2,0
Graham County,0,0,0,0,0,1,0
Grand Forks County,0,0,0,0,1,1,0
Granite County,0,0,0,0,0,1,0
Grant County,0,0,1,0,0,0,0
Grant County,0,0,0,0,0,1,0
Grant County,0,0,0,0,0,0,0
Grant County,1,0,0,1,0,0,0
Grant County,0,1,0,0,0,1,0
Grays Harbor County,0,1,0,0,0,2,0
Grayson County,0,0,0,0,0,2,0
Grayson County,0,2,1,0,0,2,0
Grayson County,0,0,0,0,0,2,0
Green County,0,0,0,1,0,0,0
Greene County,0,0,1,0,0,0,0
Greene County,0,5,1,0,0,10,0
Greene County,0,0,0,0,0,1,0
Greene County,0,0,1,0,0,2,0
Greenlee County,0,0,0,0,0,1,0
Greenup County,0,2,0,0,0,2,0
Greenville County,0,3,5,0,0,8,0
Greenwood County,0,0,1,0,0,0,0
Gregg County,0,2,2,0,0,4,0
Grenada County,0,1,0,0,0,1,0
Guadalupe County,1,2,0,1,0,3,0
Guernsey County,0,0,0,0,0,1,0
Guilford County,0,0,4,0,0,3,0
Gulf County,0,1,0,0,0,1,0
Gunnison County,0,0,0,0,0,1,0
Guthrie County,0,0,0,0,0,1,0
Gwinnett County,0,0,5,0,0,2,0
Habersham County,0,1,0,0,0,1,0
Hale County,0,0,0,1,0,0,0
Hall County,3,0,0,3,0,2,0
Hall County,0,0,0,2,0,0,0
Hamblen County,0,0,0,0,0,3,0
Hamilton County,0,0,1,0,0,0,0
Hamilton County,1,0,0,1,0,2,0
Hamilton County,0,0,0,0,0,1,0
Hamilton County,0,1,6,0,0,1,0
Hamilton County,0,4,1,1,0,12,0
Hampden County,0,0,0,0,0,1,0
Hampshire County,0,0,0,0,0,1,0
Hancock County,0,1,0,0,0,1,0
Hancock County,0,0,0,0,0,1,0
Hancock County,0,0,1,0,0,0,0
Haralson County,0,0,1,0,0,0,0
Hardeman County,0,0,0,0,0,1,0
Hardin County,0,0,1,0,0,2,0
Hardin County,0,1,0,0,0,1,0
Hardin County,0,0,0,0,0,2,0
Harford County,0,0,0,0,0,3,0
Harlan County,0,1,0,0,0,1,0
Harney County,0,0,0,0,0,1,0
Harris County,6,5,31,23,0,14,2
Harrison County,0,1,0,0,0,1,0
Harrison County,0,2,4,0,0,6,0
Harrison County,0,0,1,0,0,0,0
Harrison County,0,1,1,0,0,3,0
Hart County,0,0,0,0,0,0,0
Hartford County,2,0,2,4,0,2,0
Harvey County,0,0,2,1,0,0,0
Hawaii County,0,0,0,0,0,1,1
Hawkins County,0,0,1,0,0,1,0
Hays County,0,2,0,0,0,3,0
Haywood County,0,0,0,0,0,1,0
Heard County,0,0,0,0,0,1,0
Henderson County,0,0,1,0,0,3,0
Henderson County,0,0,1,0,0,0,0
Henderson County,0,0,0,0,0,0,0
Hendricks County,0,0,0,0,0,1,0
Hennepin County,1,1,7,2,0,7,1
Henry County,0,0,1,0,0,0,0
Henry County,0,0,3,0,0,3,0
Henry County,0,1,0,0,0,1,0
Henry County,0,2,0,0,0,4,0
Henry County,0,0,1,0,0,0,0
Henry County,0,0,1,0,0,0,0
Hernando County,0,3,0,0,0,6,0
Hertford County,0,0,0,0,0,1,0
Hickman County,0,1,0,0,0,1,0
Hidalgo County,3,1,0,8,0,1,0
Highlands County,0,2,0,0,0,3,0
Hillsborough County,2,2,7,5,0,7,1
Hillsborough County,0,1,0,0,0,4,0
Hinds County,0,0,5,0,0,0,1
Hockley County,0,0,0,1,0,0,0
Holmes County,0,1,0,0,0,1,0
Honolulu County,0,1,0,1,0,2,11
Hopkins County,0,1,0,0,0,1,0
Hopkins County,0,0,0,0,0,1,0
Horry County,0,1,1,0,0,7,0
Houston County,0,0,0,0,0,2,0
Howard County,0,0,0,0,0,2,0
Howard County,1,0,1,1,0,1,0
Hudson County,0,0,2,1,0,1,0
Hudspeth County,0,0,1,0,0,0,0
Hughes County,0,0,0,0,0,0,0
Humboldt County,0,1,1,0,0,3,0
Humboldt County,0,1,0,0,0,1,0
Humphreys County,0,1,0,0,0,1,0
Hunt County,0,0,1,0,0,0,0
Huntingdon County,0,1,0,0,0,2,0
Huntington County,0,2,0,0,0,2,0
Huron County,0,0,0,0,0,0,0
Hutchinson County,1,0,0,1,0,0,0
Imperial County,1,0,0,2,0,0,0
Independence County,0,0,0,0,0,0,0
Indian River County,0,1,1,0,0,3,0
Ingham County,0,0,1,0,0,1,0
Iowa County,0,0,0,0,0,1,0
Iredell County,0,1,0,0,0,4,0
Iron County,0,0,0,0,0,1,0
Isanti County,0,0,0,0,0,0,0
Island County,0,0,0,0,0,1,0
Itasca County,0,0,0,0,0,1,0
Jackson County,0,0,0,0,0,1,0
Jackson County,0,1,0,0,0,2,0
Jackson County,0,0,0,0,0,1,0
Jackson County,0,1,0,0,0,2,0
Jackson County,0,1,0,0,0,1,0
Jackson County,1,0,1,1,0,0,0
Jackson County,1,8,18,3,0,15,1
Jackson County,0,0,2,0,0,3,0
Jackson County,0,0,0,0,0,1,0
Jackson County,0,2,0,0,0,4,0
Jackson County,0,0,0,0,1,1,0
Jasper County,0,0,0,0,0,1,0
Jasper County,0,1,0,0,0,3,0
Jasper County,0,0,1,1,0,0,0
Jay County,0,0,0,0,0,1,0
Jefferson County,0,2,8,0,0,10,0
Jefferson County,0,0,2,0,0,0,0
Jefferson County,2,7,0,5,0,12,0
Jefferson County,0,1,0,0,0,1,0
Jefferson County,0,0,0,0,0,1,0
Jefferson County,1,2,10,1,0,12,1
Jefferson County,0,0,1,0,0,0,0
Jefferson County,0,0,1,0,0,0,0
Jefferson County,0,0,3,0,0,4,0
Jefferson County,0,0,1,0,0,1,0
Jefferson County,0,0,0,0,0,1,0
Jersey County,0,1,0,0,0,1,0
Jessamine County,0,0,0,0,0,2,0
Jim Wells County,0,0,0,0,0,1,0
Jo Daviess County,0,1,0,0,0,1,0
Johnson County,0,0,0,0,0,0,1
Johnson County,0,0,0,0,0,1,0
Johnson County,0,2,1,0,0,5,0
Johnson County,0,0,0,0,0,1,0
Johnson County,0,0,0,0,0,0,0
Johnston County,0,1,0,0,0,1,0
Jones County,0,0,0,0,0,1,0
Josephine County,0,1,0,0,0,5,0
Kalamazoo County,0,1,0,0,0,3,0
Kanabec County,0,0,0,0,0,1,0
Kanawha County,0,3,1,0,0,8,0
Kane County,1,0,2,1,0,1,0
Kaufman County,0,1,0,0,0,1,0
Kay County,0,1,0,0,0,1,0
Kendall County,0,0,1,1,0,1,0
Kennebec County,0,1,0,0,0,4,0
Kenosha County,0,1,0,0,0,2,0
Kent County,0,1,0,0,0,3,0
Kent County,0,0,1,0,0,0,0
Kent County,0,0,3,0,0,2,0
Kenton County,0,0,0,1,0,1,0
Kern County,12,1,5,23,0,9,0
Kerr County,0,1,0,0,0,3,0
King George County,0,0,0,0,0,1,0
King County,1,7,14,6,1,16,4
Kings County,1,0,1,3,1,1,0
Kings County,0,1,5,0,0,1,0
Kiowa County,0,1,0,0,0,1,0
Kitsap County,0,0,0,0,1,2,0
Kittitas County,1,0,0,1,0,1,0
Klamath County,1,2,0,1,0,2,0
Knott County,0,1,0,0,0,3,0
Knox County,0,1,0,0,0,1,0
Knox County,0,0,0,0,0,4,0
Knox County,1,3,2,1,0,4,0
Knox County,0,0,0,0,0,1,0
Kootenai County,0,0,0,0,0,2,0
La Crosse County,0,1,0,0,0,1,0
La Paz County,2,1,0,2,1,1,0
La Plata County,0,0,0,0,0,1,0
Labette County,0,0,0,0,0,1,0
Lackawanna County,0,1,0,0,0,1,0
Laclede County,0,0,0,0,0,1,0
Lafayette County,0,0,0,0,0,1,0
Lafayette County,0,2,0,0,0,3,0
Lake County,0,1,0,0,0,4,0
Lake County,0,2,1,1,0,7,0
Lake County,1,2,4,1,0,4,0
Lake County,0,0,9,0,0,1,0
Lake County,0,1,0,0,0,1,0
Lamar County,0,0,0,0,0,1,0
Lamar County,0,0,0,1,0,3,0
Lamb County,1,0,0,1,0,0,0
Lancaster County,0,2,1,0,0,5,0
Lancaster County,0,0,1,2,0,1,0
Lancaster County,0,0,0,0,0,1,0
Lane County,0,2,0,3,0,9,0
Langlade County,0,0,0,0,0,1,0
Laramie County,0,0,0,0,1,1,0
Larimer County,0,3,0,1,0,6,1
Las Animas County,1,0,1,1,0,0,0
Latimer County,0,0,0,0,0,0,0
Lauderdale County,0,1,0,0,0,1,0
Lauderdale County,0,0,0,0,0,3,0
Laurel County,0,0,0,0,0,3,0
Lawrence County,0,0,0,0,0,1,0
Lawrence County,0,0,0,0,0,1,0
Lawrence County,0,1,0,0,0,1,0
Lawrence County,0,0,0,1,0,1,0
Lawrence County,0,1,0,0,0,1,0
Lawrence County,0,1,0,0,0,1,0
Le Flore County,0,0,0,0,0,2,0
Lea County,0,1,0,3,0,3,0
Leavenworth County,0,0,1,0,0,0,0
Lebanon County,0,2,0,0,0,2,0
Lee County,0,0,1,0,0,0,0
Lee County,0,1,2,1,0,4,0
Lee County,0,0,0,0,0,0,0
Lee County,0,0,1,0,0,1,0
Lee County,0,0,2,0,0,0,0
Lee County,0,0,0,1,0,0,0
Lee County,0,0,1,0,0,0,0
Lehigh County,0,2,0,0,0,3,0
Lenoir County,0,0,1,0,0,0,0
Leon County,0,0,4,0,0,3,0
Leon County,0,1,0,0,0,1,0
Lewis and Clark County,0,0,0,0,0,1,0
Lewis County,0,0,0,0,0,1,0
Lewis County,0,0,0,1,0,0,0
Lexington County,0,6,1,0,0,8,0
Limestone County,0,0,0,0,0,1,0
Lincoln County,0,0,0,0,0,2,0
Lincoln County,0,0,0,0,0,2,0
Lincoln County,0,0,0,0,0,2,0
Lincoln County,0,0,0,1,0,3,0
Lincoln County,0,1,0,0,0,1,0
Lincoln County,0,0,0,0,0,1,0
Linn County,0,1,2,0,0,1,0
Litchfield County,0,1,0,1,0,1,0
Livingston County,0,0,0,0,0,2,0
Livingston County,0,1,0,0,0,1,0
Llano County,0,0,0,0,0,2,0
Logan County,1,0,0,1,0,0,0
Logan County,0,0,1,0,0,0,0
Logan County,0,1,0,0,0,2,0
Logan County,0,0,0,0,0,3,0
Long County,0,0,1,0,0,0,0
Lonoke County,0,1,0,0,0,5,0
Lorain County,0,0,1,0,0,0,0
Los Angeles County,36,11,56,123,0,39,12
Loudon County,0,1,0,0,0,3,1
Loudoun County,0,0,0,0,0,1,0
Lowndes County,0,0,1,1,0,2,0
Lowndes County,0,2,2,0,0,2,0
Lubbock County,1,0,1,2,0,0,0
Lucas County,1,0,4,1,0,4,0
Lumpkin County,0,0,0,0,0,1,0
Luna County,4,0,0,5,0,0,0
Luzerne County,0,2,0,0,0,2,0
Lycoming County,0,1,0,0,0,1,0
Lynn County,1,0,0,1,0,0,0
Lyon County,0,0,0,0,0,1,0
Mackinac County,0,0,0,0,0,1,0
Macomb County,0,0,2,0,0,1,1
Macon County,0,0,0,0,0,1,0
Macon County,0,0,0,0,0,2,0
Macoupin County,0,0,0,0,0,1,0
Madera County,0,1,0,2,0,2,0
Madison County,0,3,4,1,0,7,0
Madison County,0,0,0,0,0,2,0
Madison County,0,0,0,1,0,1,0
Madison County,0,0,0,0,0,1,0
Madison County,0,1,0,0,0,2,0
Madison County,0,0,0,0,0,1,0
Madison County,0,0,0,0,0,0,0
Magoffin County,0,0,0,0,0,1,0
Mahoning County,0,0,0,0,0,1,0
Malheur County,0,1,0,1,0,1,0
Manatee County,0,0,3,0,0,2,0
Manistee County,0,0,0,0,0,1,0
Manitowoc County,0,0,0,0,0,2,0
Marathon County,0,0,0,0,0,3,1
Marengo County,0,0,0,0,0,1,0
Maricopa County,27,16,19,64,5,66,0
Marin County,0,0,0,1,0,1,0
Marinette County,0,3,0,0,0,3,0
Marion County,0,0,0,0,0,0,0
Marion County,0,0,0,0,0,2,0
Marion County,0,1,0,1,0,4,0
Marion County,0,1,14,0,0,6,0
Marion County,0,0,0,0,0,1,0
Marion County,1,3,0,2,0,6,0
Marion County,0,0,0,0,0,1,0
Marion County,0,1,0,0,0,2,0
Marshall County,0,2,0,0,0,2,0
Marshall County,0,0,0,0,0,1,0
Martin County,0,0,1,0,0,1,0
Martin County,0,1,0,0,0,1,0
Martin County,0,0,0,0,0,1,0
Mason County,0,1,0,0,0,2,1
Massac County,0,1,0,0,0,2,0
Matagorda County,0,0,1,0,0,0,0
Maui County,0,0,0,0,0,0,0
Maury County,0,1,0,0,0,2,0
Mayes County,0,0,0,0,0,1,0
McClain County,0,1,0,0,0,1,0
McCracken County,0,2,0,0,0,2,0
McCurtain County,0,0,1,1,0,0,0
McDowell County,0,0,0,0,0,1,0
McDowell County,0,0,0,0,0,0,1
McHenry County,0,0,0,0,0,1,0
McIntosh County,0,1,0,0,0,1,0
McIntosh County,0,0,1,0,0,0,0
McKinley County,0,0,0,0,1,0,0
McLennan County,0,1,2,0,0,3,0
McLeod County,0,0,0,0,0,1,0
McMinn County,0,0,0,0,0,1,0
McNairy County,0,0,1,0,0,0,0
McPherson County,0,0,0,0,0,1,0
Mecklenburg County,1,2,10,2,0,6,1
Mecklenburg County,0,1,0,0,0,1,0
Medina County,0,1,0,0,0,2,0
Mendocino County,0,1,0,0,0,1,0
Merced County,1,0,0,6,0,1,0
Mercer County,0,0,2,0,0,2,0
Mercer County,0,0,0,0,0,1,0
Mercer County,0,0,0,0,0,1,0
Mercer County,0,1,1,0,0,3,0
Meriwether County,0,1,0,0,0,1,0
Mesa County,0,3,0,1,0,7,0
Metcalfe County,0,0,0,0,0,1,0
Miami-Dade County,7,0,21,13,0,7,0
Middlesex County,0,0,0,0,0,1,0
Middlesex County,0,3,0,2,0,5,0
Middlesex County,0,0,1,0,0,2,0
Midland County,0,1,0,0,0,1,0
Midland County,0,1,0,1,1,3,0
Mifflin County,0,0,0,0,0,1,0
Mille Lacs County,0,0,0,0,1,0,0
Milwaukee County,0,5,13,2,0,6,0
Mineral County,0,1,0,0,0,1,0
Mineral County,0,1,0,0,0,1,0
Minnehaha County,0,0,0,0,0,1,0
Mississippi County,0,0,2,0,0,2,0
Missoula County,0,0,0,0,0,4,0
Mitchell County,0,0,0,0,0,1,0
Mobile County,0,1,3,0,0,8,0
Moffat County,0,0,0,0,0,1,0
Mohave County,1,2,0,2,0,9,0
Monmouth County,0,0,1,0,0,3,0
Monongalia County,0,2,1,0,0,4,0
Monroe County,0,0,1,0,0,0,0
Monroe County,0,0,0,0,0,1,0
Monroe County,0,0,0,0,0,1,0
Monroe County,0,1,0,0,0,2,0
Monroe County,0,1,2,0,0,3,0
Monroe County,0,0,0,0,0,1,0
Monroe County,0,0,0,0,1,0,0
Montague County,0,0,0,0,0,2,0
Montcalm County,0,1,0,0,0,1,0
Monterey County,0,0,0,3,0,4,0
Montezuma County,0,0,0,0,1,0,0
Montgomery County,0,1,2,0,0,1,0
Montgomery County,0,0,0,0,0,0,0
Montgomery County,0,1,0,0,0,1,0
Montgomery County,0,0,0,0,0,1,0
Montgomery County,0,0,5,1,0,3,0
Montgomery County,0,2,9,0,0,7,0
Montgomery County,0,0,2,0,0,1,0
Montgomery County,0,3,1,0,0,3,0
Montgomery County,0,2,1,0,0,5,0
Montgomery County,0,0,0,0,0,1,0
Montrose County,0,0,0,0,0,0,0
Moore County,0,1,0,0,0,2,0
Moore County,0,0,0,0,0,1,0
Morgan County,0,0,0,0,0,1,0
Morton County,0,0,0,0,1,0,0
Mower County,0,0,0,0,0,1,0
Muhlenberg County,0,0,0,0,0,2,0
Multnomah County,0,3,4,0,0,15,0
Muscogee County,0,0,1,0,0,1,0
Muskingum County,0,0,0,0,0,1,0
Muskogee County,0,1,2,0,0,2,0
Nacogdoches County,0,1,0,0,0,2,0
Napa County,2,2,0,3,0,3,0
Nash County,0,0,0,1,0,0,0
Nassau County,0,1,1,0,0,5,0
Nassau County,0,0,1,1,0,1,0
Natrona County,0,2,0,0,0,5,0
Navajo County,0,0,0,0,2,2,0
Nelson County,0,1,0,0,0,1,0
Neshoba County,0,0,0,0,0,1,0
Nevada County,0,0,0,0,0,2,0
New Castle County,0,1,5,0,0,2,0
New Hanover County,0,0,0,0,0,3,0
New Haven County,0,0,1,1,0,1,0
New London County,0,1,1,0,0,2,0
New York County,3,0,20,6,0,1,0
Newberry County,0,0,0,0,0,1,0
Newport County,1,0,0,1,0,0,0
Newton County,0,0,2,0,0,1,0
Newton County,0,0,0,0,0,1,0
Nicholas County,0,0,0,0,0,1,0
Noble County,0,1,0,0,0,1,0
Nolan County,0,1,0,0,0,2,0
Norfolk County,0,2,0,0,0,3,0
Northampton County,0,0,0,0,0,1,0
Nueces County,1,0,1,6,0,1,0
Nye County,0,0,1,0,0,3,0
Oakland County,0,2,3,0,0,6,0
Ocean County,0,0,1,0,0,3,1
Oconee County,0,1,0,0,0,1,0
Oconto County,0,0,0,0,0,1,0
Okaloosa County,0,1,0,1,0,3,0
Okanogan County,0,0,0,0,0,1,0
Okfuskee County,0,1,0,0,0,1,0
Oklahoma County,1,1,18,5,2,16,1
Okmulgee County,0,1,1,0,0,4,0
Oldham County,0,0,1,0,0,0,0
Oneida County,0,0,0,0,0,1,0
Onondaga County,0,1,5,0,0,1,0
Onslow County,0,1,0,0,0,1,0
Ontario County,0,0,1,0,0,0,0
Orange County,6,0,4,23,0,9,2
Orange County,1,0,10,6,0,7,0
Orange County,0,0,0,1,0,0,0
Orange County,0,0,1,0,0,0,0
Orange County,0,0,2,0,0,3,0
Orange County,0,0,0,0,0,1,0
Orangeburg County,0,0,1,0,0,0,0
Orleans County,0,1,0,0,0,1,0
Osage County,0,1,0,0,0,1,0
Osceola County,0,0,1,0,0,0,0
Osceola County,0,0,0,0,0,1,0
Oswego County,0,0,0,0,0,1,0
Otero County,1,0,0,2,0,0,0
Otsego County,0,0,0,0,0,0,0
Ottawa County,0,0,0,0,0,1,0
Ottawa County,0,2,0,0,0,2,0
Outagamie County,1,0,2,1,0,1,0
Overton County,0,0,0,0,0,1,0
Owen County,0,0,0,0,0,1,0
Owsley County,0,0,0,0,0,1,0
Owyhee County,0,0,0,1,0,0,0
Oxford County,0,0,0,0,0,1,0
Page County,0,0,0,0,0,0,0
Palm Beach County,0,2,3,3,0,7,0
Panola County,0,0,1,0,0,0,0
Park County,0,0,0,0,0,2,0
Park County,0,0,0,0,0,1,0
Parker County,0,2,1,0,0,4,0
Pasco County,0,1,0,0,0,6,0
Passaic County,0,0,3,1,0,1,0
Paulding County,0,0,0,0,0,2,0
Payne County,0,1,0,0,0,3,0
Peach County,0,1,0,0,0,3,0
Pearl River County,0,1,0,0,0,1,0
Pecos County,1,0,0,1,0,0,0
Pemiscot County,0,0,0,0,0,0,0
Pendleton County,0,1,0,0,0,1,0
Pennington County,0,1,0,0,1,7,0
Penobscot County,0,1,0,0,0,4,0
Peoria County,1,0,2,1,0,0,0
Perry County,0,0,0,0,0,1,0
Perry County,0,0,0,0,0,2,0
Perry County,0,0,0,0,0,1,0
Pershing County,0,1,0,0,0,1,0
Person County,0,0,1,0,0,1,0
Pettis County,0,0,0,0,0,3,0
Philadelphia County,0,0,18,1,0,2,0
Phillips County,0,0,2,0,0,0,0
Phillips County,0,0,0,0,0,0,0
Phillips County,0,0,0,0,0,1,0
Pickaway County,0,1,0,0,0,2,0
Pickens County,0,0,1,0,0,0,0
Pickens County,0,0,1,0,0,1,0
Pickens County,0,0,0,0,0,1,0
Pierce County,1,2,5,3,2,12,0
Pike County,0,0,0,0,0,0,0
Pike County,0,1,0,0,0,2,0
Pike County,0,2,0,0,0,3,0
Pima County,5,3,2,17,0,12,0
Pinal County,1,1,1,2,0,6,0
Pine County,0,1,0,0,0,1,0
Pinellas County,0,1,8,0,0,9,0
Pitt County,0,0,4,0,0,1,0
Pittsburg County,0,2,2,0,0,2,0
Placer County,1,2,1,1,0,5,0
Plymouth County,0,0,0,1,0,2,0
Pocahontas County,0,1,0,0,0,1,0
Poinsett County,0,0,0,0,0,1,0
Polk County,0,1,0,0,0,1,0
Polk County,3,1,2,6,0,12,0
Polk County,0,1,0,0,0,1,0
Polk County,0,4,2,0,0,8,0
Polk County,1,0,0,1,0,0,0
Polk County,0,0,0,0,0,1,0
Polk County,0,0,0,0,0,1,0
Pontotoc County,0,1,0,0,0,1,0
Pontotoc County,0,2,0,0,0,5,0
Pope County,0,2,0,0,0,5,0
Portage County,0,0,1,0,0,1,0
Porter County,0,0,1,0,0,1,0
Pottawatomie County,0,0,0,0,0,1,0
Pottawatomie County,0,1,0,0,0,3,0
Pottawattamie County,0,1,0,0,0,1,0
Potter County,2,1,0,5,0,3,0
Powhatan County,0,0,0,0,0,1,0
Pratt County,0,0,0,1,0,0,0
Prince Edward County,0,0,1,0,0,0,0
Prince George's County,1,0,13,1,0,0,0
Prince William County,0,1,1,1,0,1,0
Providence County,0,1,2,0,0,1,0
Pueblo County,5,5,1,12,1,6,0
Pulaski County,0,2,7,0,0,7,0
Pulaski County,0,0,0,0,0,2,0
Putnam County,0,0,4,0,0,0,0
Putnam County,0,1,1,0,0,1,0
Quay County,0,0,0,0,0,1,0
Queens County,0,1,2,0,0,2,0
Rabun County,0,0,1,0,0,0,0
Racine County,0,0,2,0,0,1,0
Raleigh County,0,0,1,0,0,0,0
Ramsey County,0,0,5,0,1,4,1
Ramsey County,0,0,0,0,1,0,0
Randolph County,0,0,1,0,0,0,0
Randolph County,0,0,0,0,0,1,0
Randolph County,0,0,0,0,0,0,0
Randolph County,0,2,1,1,0,4,0
Randolph County,0,0,0,0,0,1,0
Rankin County,0,0,0,0,0,1,0
Real County,0,0,0,0,0,1,0
Red River County,0,0,1,0,0,0,0
Refugio County,0,0,1,0,0,0,0
Reno County,0,0,0,0,0,2,0
Rensselaer County,0,0,2,0,0,0,0
Richland County,0,0,1,0,0,2,0
Richland County,0,0,1,0,0,0,0
Richmond County,0,1,2,0,0,2,0
Richmond County,0,0,1,0,0,0,0
Richmond County,0,1,5,0,0,3,0
Riley County,0,0,0,0,0,1,0
Ripley County,0,0,0,0,0,1,0
Ritchie County,0,1,0,0,0,1,0
Riverside County,6,5,6,23,0,14,0
Roane County,0,0,0,0,0,0,0
Roane County,0,0,0,0,0,1,0
Roanoke County,0,1,2,0,0,2,0
Robeson County,0,0,1,0,0,2,0
Rock Island County,0,0,3,0,0,0,0
Rock County,0,0,1,0,0,0,0
Rockcastle County,0,0,0,0,0,1,0
Rockdale County,0,0,0,0,0,1,0
Rockingham County,0,1,0,0,0,1,0
Rockingham County,0,1,0,0,0,4,0
Rockingham County,0,0,0,0,0,2,0
Rockland County,0,0,0,0,0,1,0
Rockwall County,1,0,0,1,0,0,0
Rogers County,1,1,0,1,0,2,1
Rolette County,0,0,0,0,1,0,0
Rowan County,0,0,0,0,0,1,0
Rowan County,0,0,2,0,0,0,0
Runnels County,0,0,0,0,0,0,0
Rusk County,0,0,0,0,0,0,0
Rusk County,0,0,0,0,0,1,0
Russell County,0,2,1,0,0,2,0
Rutherford County,0,0,0,0,0,2,0
Rutherford County,0,0,1,0,0,1,0
Rutland County,0,1,0,0,0,2,0
Sacramento County,1,3,15,6,1,11,0
Saginaw County,0,0,0,0,0,2,0
Saint Charles County,0,0,0,0,0,1,0
Saint Clair County,0,1,1,0,0,3,0
Saint Clair County,0,0,3,0,0,1,0
Saint Clair County,0,0,0,0,0,1,0
Saint Francis County,0,0,2,0,0,1,0
Saint Francois County,0,0,0,0,0,1,0
Saint Johns County,0,1,0,0,0,5,0
Saint Joseph County,0,1,2,1,0,1,0
Saint Joseph County,0,0,0,0,0,0,0
Saint Lawrence County,0,0,0,0,0,0,1
Saint Louis County,0,3,0,0,0,5,0
Saint Louis County,0,2,29,0,0,10,0
Saint Lucie County,1,0,6,2,0,1,0
Saint Mary's County,0,0,0,0,0,2,0
Saline County,0,1,0,0,0,3,0
Saline County,0,1,0,0,0,3,0
Salt Lake County,4,10,6,6,0,24,0
Sampson County,0,1,0,0,0,3,0
San Bernardino County,7,11,10,24,0,26,2
San Diego County,6,6,5,18,0,14,3
San Francisco County,1,0,4,6,0,5,1
San Joaquin County,2,2,5,3,0,4,3
San Juan County,1,0,0,2,1,2,0
San Juan County,0,0,0,0,1,0,0
San Luis Obispo County,0,2,0,1,0,4,0
San Mateo County,0,1,0,2,0,3,0
San Miguel County,0,0,0,1,0,0,0
San Patricio County,0,0,0,1,0,0,0
Sanders County,0,0,0,0,0,0,0
Sandoval County,0,0,0,2,0,0,0
Sangamon County,0,0,0,0,0,1,0
Santa Barbara County,2,2,0,7,0,2,0
Santa Clara County,5,1,4,13,0,7,2
Santa Cruz County,1,0,0,2,0,0,0
Santa Cruz County,0,0,0,0,0,2,1
Santa Fe County,1,1,0,3,0,1,0
Santa Rosa County,0,1,0,0,0,2,0
Sarasota County,0,0,1,1,0,5,0
Schenectady County,0,0,0,0,0,4,0
Scott County,0,1,0,0,0,4,0
Scott County,1,0,1,1,0,3,0
Scott County,0,0,0,0,0,1,0
Scott County,0,1,0,0,0,1,0
Scott County,0,2,0,0,0,2,0
Screven County,0,0,1,0,0,0,0
Scurry County,0,0,0,0,0,2,0
Searcy County,0,1,0,0,0,1,0
Sebastian County,0,0,1,0,0,1,0
Sedgwick County,1,6,0,3,0,10,0
Seminole County,0,2,0,0,0,3,0
Seminole County,0,0,0,0,0,1,0
Seneca County,0,0,0,0,0,1,0
Sequoyah County,0,0,0,0,1,3,0
Sevier County,0,2,0,0,0,3,0
Shasta County,0,4,0,1,1,14,2
Shawnee County,1,1,1,1,1,2,0
Sheboygan County,0,0,1,0,0,1,0
Shelby County,0,0,0,0,0,2,0
Shelby County,0,0,0,0,0,2,0
Shelby County,0,0,0,0,0,1,0
Shelby County,0,0,14,1,0,5,0
Shelby County,0,0,0,0,0,1,0
Sheridan County,0,0,0,0,1,0,0
Sherman County,0,0,1,0,0,0,0
Sierra County,0,0,0,1,0,0,0
Silver Bow County,0,0,0,0,0,1,0
Simpson County,0,0,0,0,0,1,0
Siskiyou County,0,2,0,0,0,4,0
Smith County,0,0,0,0,0,2,0
Smith County,0,0,0,1,0,0,0
Snohomish County,0,1,0,1,1,6,0
Socorro County,1,0,0,1,0,0,0
Solano County,1,1,4,4,0,2,0
Somerset County,0,0,0,0,0,1,0
Somerset County,0,0,0,0,0,1,0
Sonoma County,0,1,0,2,0,1,0
Spalding County,0,0,0,0,0,1,0
Spartanburg County,0,0,3,0,0,5,0
Spokane County,0,4,1,0,1,14,1
Spotsylvania County,0,0,1,0,0,0,0
Stafford County,0,0,0,0,0,1,0
Stanislaus County,3,2,2,8,0,6,1
Stark County,0,0,0,0,1,0,0
Stark County,0,1,0,0,0,3,0
Starke County,0,0,0,0,0,0,0
Starr County,1,0,1,1,0,0,0
Stearns County,0,1,0,0,0,1,0
Stevens County,0,1,0,0,0,1,0
Stevens County,0,1,0,0,0,1,0
Stewart County,0,1,0,0,0,1,0
Stillwater County,0,1,0,0,0,1,0
Stokes County,0,0,0,0,0,1,0
Stone County,0,0,0,0,0,0,0
Stone County,0,0,0,0,0,1,0
Stone County,0,1,0,0,0,1,0
Strafford County,0,0,0,0,0,1,0
Stutsman County,0,1,0,0,0,1,0
Suffolk County,2,0,6,2,0,0,0
Suffolk County,0,0,2,0,0,4,0
Sullivan County,0,0,0,0,0,1,0
Sullivan County,0,0,0,0,0,1,0
Sullivan County,0,0,0,0,0,1,0
Sullivan County,0,1,0,0,0,5,0
Summit County,0,1,2,0,0,5,1
Sumner County,0,0,1,0,0,1,0
Sumter County,0,1,0,1,0,2,0
Sumter County,0,0,1,0,0,1,0
Sussex County,0,0,1,1,0,1,0
Sussex County,0,0,1,0,0,0,0
Sutter County,0,0,0,1,0,0,1
Talladega County,0,2,1,0,0,2,0
Tallapoosa County,0,1,0,0,0,1,0
Taos County,1,0,0,3,0,0,0
Tarrant County,0,4,12,9,0,13,1
Tate County,0,0,1,0,0,0,0
Tattnall County,0,1,0,0,0,2,0
Taylor County,0,0,1,0,0,2,0
Taylor County,0,0,0,0,0,1,0
Tazewell County,0,1,0,0,0,2,0
Tehama County,0,1,0,3,1,3,0
Thomas County,0,0,2,0,0,0,0
Thomas County,0,0,0,0,0,1,0
Thurston County,0,1,0,0,0,2,2
Tioga County,0,0,1,0,0,0,0
Tippecanoe County,0,1,0,0,0,2,0
Tishomingo County,0,1,0,0,0,2,0
Todd County,0,0,0,0,0,1,0
Todd County,0,0,0,0,2,0,0
Tolland County,0,1,0,0,0,1,0
Tom Green County,1,1,0,3,0,2,0
Tompkins County,0,0,0,0,0,1,0
Tooele County,0,0,0,0,0,0,1
Toole County,0,0,0,0,0,1,0
Transylvania County,0,0,0,0,0,1,0
Travis County,3,6,4,9,0,14,1
Trigg County,0,0,0,0,0,1,0
Trinity County,0,0,0,0,0,1,0
Trinity County,0,0,0,0,0,1,0
Troup County,0,0,0,0,0,2,0
Trumbull County,0,0,1,1,0,2,0
Tulare County,0,1,1,9,0,4,0
Tulsa County,0,9,5,2,3,21,1
Tuolumne County,0,0,0,0,0,0,0
Tuscaloosa County,0,0,0,0,0,1,0
Tuscarawas County,0,0,1,0,0,0,0
Ulster County,0,0,0,0,0,0,0
Union County,0,0,1,0,0,0,0
Union County,0,0,0,0,0,1,0
Union County,0,0,0,0,0,1,0
Union County,0,1,0,0,0,1,0
Union County,0,0,0,0,0,1,0
Upshur County,0,0,0,0,0,1,0
Upshur County,0,0,0,0,0,1,0
Utah County,0,1,0,0,0,5,0
Val Verde County,0,0,0,1,0,0,0
Valencia County,0,0,2,2,0,0,0
Van Buren County,0,0,0,0,0,1,0
Van Wert County,0,1,0,0,0,1,0
Vance County,0,0,0,0,0,1,0
Vanderburgh County,0,3,2,0,0,6,0
Ventura County,2,0,1,3,0,2,0
Vermilion County,0,0,1,0,0,0,0
Vernon County,0,1,0,0,0,1,0
Victoria County,0,0,0,0,0,1,0
Vigo County,0,2,0,0,0,5,0
Volusia County,1,4,2,4,0,16,0
Wabash County,0,0,0,0,0,2,0
Wadena County,0,0,0,0,0,2,0
Wagoner County,0,1,0,0,0,2,0
Wake County,0,1,5,0,0,5,0
Walker County,0,0,0,0,0,1,0
Walker County,0,0,0,1,0,3,0
Walker County,0,0,0,0,0,0,0
Walla Walla County,0,0,0,0,0,0,0
Waller County,0,0,1,0,0,1,0
Walton County,0,0,3,0,0,1,0
Walworth County,0,1,1,0,0,1,0
Ward County,0,0,1,0,0,0,0
Warren County,0,2,0,0,0,2,0
Warren County,0,1,0,0,0,2,0
Warren County,0,0,0,0,0,1,0
Warrick County,0,0,0,0,0,1,0
Wasco County,0,0,0,0,0,0,0
Washington County,0,0,0,0,0,2,0
Washington County,0,0,1,0,0,6,0
Washington County,0,0,0,0,0,1,0
Washington County,0,0,0,0,0,1,0
Washington County,0,0,0,0,0,2,0
Washington County,0,0,0,0,0,0,0
Washington County,0,0,1,0,0,2,0
Washington County,0,0,0,0,0,1,0
Washington County,0,0,0,0,0,1,0
Washington County,0,0,0,0,1,1,0
Washington County,0,3,1,0,0,13,0
Washington County,0,0,1,0,0,0,0
Washington County,0,3,0,0,0,6,0
Washington County,1,1,0,1,0,1,0
Washington County,0,1,0,0,0,3,0
Washington County,0,1,0,0,0,2,0
Washita County,0,2,0,0,0,2,0
Washoe County,4,1,2,11,1,4,0
Watauga County,0,0,0,0,0,1,0
Watonwan County,1,0,0,1,0,0,0
Waukesha County,0,0,0,0,0,4,0
Waupaca County,0,0,0,0,0,1,0
Waushara County,0,1,0,0,0,1,0
Wayne County,0,0,0,0,0,1,0
Wayne County,0,0,0,0,0,1,0
Wayne County,0,3,14,1,0,6,0
Wayne County,0,0,0,0,0,1,0
Wayne County,0,0,0,0,0,1,0
Wayne County,0,0,0,0,0,0,0
Wayne County,0,0,0,0,0,1,0
Webb County,0,0,0,5,0,1,0
Weber County,1,2,0,6,0,6,0
Webster County,0,1,0,0,0,3,0
Weld County,3,4,1,6,0,4,0
Westchester County,0,0,4,0,0,0,0
Westmoreland County,0,1,1,0,0,3,0
Whatcom County,1,0,0,1,0,1,0
Wheeler County,0,1,0,0,0,1,0
White County,0,0,0,0,0,2,0
White County,0,0,1,0,0,0,0
White County,0,1,0,0,0,1,0
Whiteside County,0,0,1,0,0,0,0
Whitfield County,0,1,0,0,0,1,0
Whitley County,0,0,0,0,0,1,0
Wichita County,0,0,1,1,0,0,0
Wicomico County,0,0,1,0,0,1,0
Wilbarger County,0,0,0,0,0,0,0
Wilkes County,0,1,0,0,0,3,0
Will County,0,0,1,0,0,1,0
Williams County,0,0,0,0,0,1,0
Williamsburg County,0,0,1,0,0,0,0
Williamson County,0,0,0,0,0,2,0
Williamson County,0,1,0,0,0,3,0
Williamson County,0,0,0,0,0,2,0
Wilson County,0,0,1,0,0,0,0
Wilson County,0,0,0,0,0,1,0
Winkler County,0,0,0,1,0,0,0
Winnebago County,0,0,2,0,0,1,0
Winnebago County,0,0,1,0,0,5,0
Wise County,0,1,0,0,0,1,0
Wolfe County,0,0,0,0,0,1,0
Wood County,0,1,0,0,0,1,0
Wood County,0,0,0,0,0,1,0
Wood County,0,0,0,0,0,1,0
Wood County,0,0,0,0,0,1,0
Woodbury County,0,0,0,0,0,1,0
Worcester County,0,2,0,1,0,4,0
Worth County,0,1,1,0,0,1,0
Wright County,0,0,0,0,0,1,0
Wyandotte County,1,1,2,2,0,2,0
Wythe County,0,0,1,0,0,0,0
Yadkin County,0,0,0,0,0,1,0
Yakima County,0,0,0,3,0,0,0
Yalobusha County,0,2,0,0,0,2,0
Yamhill County,0,1,1,0,0,1,0
Yancey County,0,0,0,0,0,1,0
Yavapai County,0,1,0,0,0,7,0
Yellowstone County,0,2,0,0,3,9,0
Yolo County,0,0,1,0,0,1,0
York County,0,0,0,1,0,1,0
York County,0,0,0,0,0,1,0
York County,0,0,2,0,0,2,0
York County,0,0,0,0,0,1,0
York County,0,0,1,0,0,0,0
Yuba County,0,0,2,0,0,2,0
Yuma County,0,0,0,2,0,1,0
